Workbook
Name LISTA_UNIDADES: CONFIGURACOES!$B$10:$B$16
Name LISTA_STATUS: CONFIGURACOES!$D$10:$D$12
Name LISTA_MEDICOES: CONFIGURACOES!$G$10:$G$33
Name LISTA_ITENS_CATALOGO: CONFIGURACOES!$B$37:$B$42

Sheet LEIA-ME
A1: SISTEMA DE CONTROLE E RELATORIO DE MEDICOES - LEIA-ME
B3: COMO USAR
B4: 1. Cadastre itens novos no catalogo (aba CONFIGURACOES, tabela a partir da linha 36) se necessario.
B5: 2. Lance medicoes na aba HISTORICO (digite direto na tabela) ou use a aba CADASTRO como formulario-guia e depois copie a linha de previa para a proxima linha livre do HISTORICO.
B6: 3. Para pesquisar, use a aba PESQUISA (por CT/texto breve ou por ITEM).
B7: 4. Para gerar o relatorio, va na aba RELATORIO_MEDICAO e escolha a NOTA e a MEDICAO nas celulas amarelas (C5 e F5). O relatorio e montado automaticamente.
B8: 5. Para imprimir: Ctrl+P na aba RELATORIO_MEDICAO (area de impressao ja configurada, A4, cabecalho repetido em todas as paginas).
B10: SOBRE O MOTOR DE CALCULO (formulas, sem macros)
B11: O sistema funciona 100% por formulas nativas do Excel (INDEX/MATCH/SUMIF/SUMIFS/COUNTIFS), sem macros, para maxima compatibilidade. A aba MOTOR_RELATORIO (oculta) extrai as linhas do HISTORICO referentes a NOTA+MEDICAO selecionadas e calcula agrupamento por ITEM (bloco), posicao da forma dentro do bloco e resultado/valor total de cada bloco.
B12: O RELATORIO_MEDICAO suporta ate 20 itens por medicao e ate 6 formas/medicoes por item (muito acima do exemplo do PDF de referencia, que tem 6 itens e no maximo 3 formas). Linhas de capacidade nao usadas ficam em branco e podem ser recolhidas (agrupamento/outline a esquerda da planilha).
B14: REGRA DE X, Y, Z (nao inverter)
B15: Na aba HISTORICO, por especificacao, a coluna O guarda Z, a coluna P guarda Y e a coluna Q guarda X. O RESULTADO = QUANTIDADE x X x Y x Z (campos vazios contam como 1). O relatorio exibe sempre na ordem visual X | Y | Z.
B17: MODULOS VBA OPCIONAIS (pasta /medicoes/vba)
... B21: A aba HISTORICO ja contem 8 lancamentos de teste (NOTA 29655103, MEDICAO 1), extraidos do PDF de referencia ENG003341, formando os 6 blocos/itens do documento. TOTAL GERAL esperado: R$ 2.469,77. Apague ou edite esses lancamentos quando for usar o sistema com dados reais.

Sheet CADASTRO
A1: CADASTRO / LANCAMENTO DE MEDICAO
A2: Preencha os campos abaixo. LINHA, ATIVIDADE, UND. e PRECO UNITARIO sao preenchidos automaticamente ao escolher o ITEM (base: aba CONFIGURACOES). RESULTADO e VALOR TOTAL sao calculados automaticamente nesta previa. Depois, copie a linha de previa para a proxima linha livre da tabela da aba HISTORICO - ou digite direto la, que tem as mesmas formulas - ou use o botao ADICIONAR AO HISTORICO apos importar o VBA opcional.
B6: DADOS DA MEDICAO
B7: NOTA:
B8: T.MED:
B9: MEDICAO:
B10: ELAB.:
B11: OBRA:
B12: FISCAL:
B13: CT:
B14: SUPER.:
B15: DATA:
B16: ITEM DA MEDICAO
B17: ITEM:
B18: LINHA (auto): | C18: =IFERROR(INDEX(CONFIGURACOES!$G$37:$G$300,MATCH($C$17,CONFIGURACOES!$B$37:$B$300,0)),"")
B19: ATIVIDADE (auto): | C19: =IFERROR(INDEX(CONFIGURACOES!$H$37:$H$300,MATCH($C$17,CONFIGURACOES!$B$37:$B$300,0)),"")
B20: DESCRICAO (forma):
B21: UND. (auto/editavel): | C21: =IFERROR(INDEX(CONFIGURACOES!$I$37:$I$300,MATCH($C$17,CONFIGURACOES!$B$37:$B$300,0)),"")
B22: QUANTIDADE:
B23: X:
B24: Y:
B25: Z:
B26: VALORES / STATUS
B27: PRECO UNITARIO (auto/editavel): | C27: =IFERROR(INDEX(CONFIGURACOES!$J$37:$J$300,MATCH($C$17,CONFIGURACOES!$B$37:$B$300,0)),"")
B28: STATUS:
B30: RESULTADO (previa): | C30: =IF($C$22="","",$C$22*IF($C$23="",1,$C$23)*IF($C$24="",1,$C$24)*IF($C$25="",1,$C$25))
B31: VALOR TOTAL (previa): | C31: =IF(OR($C$30="",$C$27=""),"",$C$30*$C$27)
B33: Campos obrigatorios: NOTA, T.MED, MEDICAO, OBRA, DATA, ITEM. Numericos: QUANTIDADE, X, Y, Z, PRECO UNITARIO. O RESULTADO nunca deve ser digitado manualmente.
B35: + ADICIONAR AO HISTORICO
B36: Este botao e visual. Para ativa-lo: importe os modulos VBA (pasta /medicoes/vba, veja o README) e depois clique com o botao direito aqui -> Atribuir Macro -> AdicionarLancamento.

Sheet HISTORICO
A1: HISTORICO DE MEDICOES (tabela mestre - cresce automaticamente)
A2: NOTA | B2: T.MED | C2: MEDICAO | D2: ELAB. | E2: OBRA | F2: FISCAL | G2: CT | H2: SUPER. | I2: ITEM | J2: LINHA | K2: ATIVIDADE | L2: DESCRICAO | M2: UND. | N2: QUANTIDADE | O2: Z | P2: Y | Q2: X | R2: RESULTADO | S2: PRECO UNITARIO | T2: VALOR TOTAL | U2: DATA | V2: APROVADO | W2: DESCRICAO DO STATUS | X2: [aux] CHAVE_GRUPO | Y2: [aux] RANKSEL_RELATORIO | Z2: [aux] FLAG_CT | AA2: [aux] RANK_CT | AB2: [aux] FLAG_ITEM | AC2: [aux] RANK_ITEM
A3: 29655103 | B3: MED | C3: 1 | D3: Mariana Dalapicola | E3: CAPL/LLE/ PISO INSTALACAO NOVA BOMBA | F3: ORYANE | G3: S31C-MIL | H3: - | I3: 19.12.4 | J3: =IFERROR(INDEX(CONFIGURACOES!$G$37:$G$300,MATCH($I3,CONFIGURACOES!$B$37:$B$300,0)),"") | K3: =IFERROR(INDEX(CONFIGURACOES!$H$37:$H$300,MATCH($I3,CONFIGURACOES!$B$37:$B$300,0)),"") | L3: Rastreamento | M3: =IFERROR(INDEX(CONFIGURACOES!$I$37:$I$300,MATCH($I3,CONFIGURACOES!$B$37:$B$300,0)),"") | N3: 1 | O3: 1 | P3: 1 | Q3: 2 | R3: =IF($N3="","",$N3*IF($Q3="",1,$Q3)*IF($P3="",1,$P3)*IF($O3="",1,$O3)) | S3: =IFERROR(INDEX(CONFIGURACOES!$J$37:$J$300,MATCH($I3,CONFIGURACOES!$B$37:$B$300,0)),"") | T3: =IF(OR($R3="",$S3=""),"",$R3*$S3) | U3: 2026-09-02 | V3: Pendente | W3: Medicao de teste extraida do PDF de referencia ENG003341 (NOTA 29655103). | X3: =IF($A3="","",$A3&"|"&$C3&"|"&$I3) | Y3: =IF(AND($A3=RELATORIO_MEDICAO!$C$5,$C3=RELATORIO_MEDICAO!$F$5,$A3<>""),COUNTIFS($A$3:$A3,RELATORIO_MEDICAO!$C$5,$C$3:$C3,RELATORIO_MEDICAO!$F$5),"") | Z3: =IF(OR($A3="",PESQUISA!$C$4=""),0,IF(OR(ISNUMBER(SEARCH(PESQUISA!$C$4,$G3)),ISNUMBER(SEARCH(PESQUISA!$C$4,$K3)),ISNUMBER(SEARCH(PESQUISA!$C$4,$L3))),1,0)) | AA3: =IF($Z3=1,SUM($Z$3:$Z3),"") | AB3: =IF(OR($A3="",PESQUISA!$C$50=""),0,IF(ISNUMBER(SEARCH(PESQUISA!$C$50,$I3)),1,0)) | AC3: =IF($AB3=1,SUM($AB$3:$AB3),"")
A4: 29655103 | B4: MED | C4: 1 | D4: Mariana Dalapicola | E4: CAPL/LLE/ PISO INSTALACAO NOVA BOMBA | F4: ORYANE | G4: S31C-MIL | H4: - | I4: 19.1.2 | J4: =IFERROR(INDEX(CONFIGURACOES!$G$37:$G$300,MATCH($I4,CONFIGURACOES!$B$37:$B$300,0)),"") | K4: =IFERROR(INDEX(CONFIGURACOES!$H$37:$H$300,MATCH($I4,CONFIGURACOES!$B$37:$B$300,0)),"") | L4: Demolicao | M4: =IFERROR(INDEX(CONFIGURACOES!$I$37:$I$300,MATCH($I4,CONFIGURACOES!$B$37:$B$300,0)),"") | N4: 1 | O4: 0.06 | P4: 1.5 | Q4: 1.05 | R4: =IF($N4="","",$N4*IF($Q4="",1,$Q4)*IF($P4="",1,$P4)*IF($O4="",1,$O4)) | S4: =IFERROR(INDEX(CONFIGURACOES!$J$37:$J$300,MATCH($I4,CONFIGURACOES!$B$37:$B$300,0)),"") | T4: =IF(OR($R4="",$S4=""),"",$R4*$S4) | U4: 2026-09-02 | V4: Pendente | W4: Medicao de teste extraida do PDF de referencia ENG003341 (NOTA 29655103). | X4: =IF($A4="","",$A4&"|"&$C4&"|"&$I4) | Y4: =IF(AND($A4=RELATORIO_MEDICAO!$C$5,$C4=RELATORIO_MEDICAO!$F$5,$A4<>""),COUNTIFS($A$3:$A4,RELATORIO_MEDICAO!$C$5,$C$3:$C4,RELATORIO_MEDICAO!$F$5),"") | Z4: =IF(OR($A4="",PESQUISA!$C$4=""),0,IF(OR(ISNUMBER(SEARCH(PESQUISA!$C$4,$G4)),ISNUMBER(SEARCH(PESQUISA!$C$4,$K4)),ISNUMBER(SEARCH(PESQUISA!$C$4,$L4))),1,0)) | AA4: =IF($Z4=1,SUM($Z$3:$Z4),"") | AB4: =IF(OR($A4="",PESQUISA!$C$50=""),0,IF(ISNUMBER(SEARCH(PESQUISA!$C$50,$I4)),1,0)) | AC4: =IF($AB4=1,SUM($AB$3:$AB4),"")
A5: 29655103 | B5: MED | C5: 1 | D5: Mariana Dalapicola | E5: CAPL/LLE/ PISO INSTALACAO NOVA BOMBA | F5: ORYANE | G5: S31C-MIL | H5: - | I5: 3.1.1 | J5: =IFERROR(INDEX(CONFIGURACOES!$G$37:$G$300,MATCH($I5,CONFIGURACOES!$B$37:$B$300,0)),"") | K5: =IFERROR(INDEX(CONFIGURACOES!$H$37:$H$300,MATCH($I5,CONFIGURACOES!$B$37:$B$300,0)),"") | L5: Forma 1 | M5: =IFERROR(INDEX(CONFIGURACOES!$I$37:$I$300,MATCH($I5,CONFIGURACOES!$B$37:$B$300,0)),"") | N5: 1 | O5: 1 | P5: 0.35 | Q5: 1.05 | R5: =IF($N5="","",$N5*IF($Q5="",1,$Q5)*IF($P5="",1,$P5)*IF($O5="",1,$O5)) | S5: =IFERROR(INDEX(CONFIGURACOES!$J$37:$J$300,MATCH($I5,CONFIGURACOES!$B$37:$B$300,0)),"") | T5: =IF(OR($R5="",$S5=""),"",$R5*$S5) | U5: 2026-09-02 | V5: Pendente | W5: Medicao de teste extraida do PDF de referencia ENG003341 (NOTA 29655103). | X5: =IF($A5="","",$A5&"|"&$C5&"|"&$I5) | Y5: =IF(AND($A5=RELATORIO_MEDICAO!$C$5,$C5=RELATORIO_MEDICAO!$F$5,$A5<>""),COUNTIFS($A$3:$A5,RELATORIO_MEDICAO!$C$5,$C$3:$C5,RELATORIO_MEDICAO!$F$5),"") | Z5: =IF(OR($A5="",PESQUISA!$C$4=""),0,IF(OR(ISNUMBER(SEARCH(PESQUISA!$C$4,$G5)),ISNUMBER(SEARCH(PESQUISA!$C$4,$K5)),ISNUMBER(SEARCH(PESQUISA!$C$4,$L5))),1,0)) | AA5: =IF($Z5=1,SUM($Z$3:$Z5),"") | AB5: =IF(OR($A5="",PESQUISA!$C$50=""),0,IF(ISNUMBER(SEARCH(PESQUISA!$C$50,$I5)),1,0)) | AC5: =IF($AB5=1,SUM($AB$3:$AB5),"")
A6: 29655103 | B6: MED | C6: 1 | D6: Mariana Dalapicola | E6: CAPL/LLE/ PISO INSTALACAO NOVA BOMBA | F6: ORYANE | G6: S31C-MIL | H6: - | I6: 3.1.1 | J6: =IFERROR(INDEX(CONFIGURACOES!$G$37:$G$300,MATCH($I6,CONFIGURACOES!$B$37:$B$300,0)),"") | K6: =IFERROR(INDEX(CONFIGURACOES!$H$37:$H$300,MATCH($I6,CONFIGURACOES!$B$37:$B$300,0)),"") | L6: Forma 2 | M6: =IFERROR(INDEX(CONFIGURACOES!$I$37:$I$300,MATCH($I6,CONFIGURACOES!$B$37:$B$300,0)),"") | N6: 2 | O6: 1 | P6: 0.06 | Q6: 1.05 | R6: =IF($N6="","",$N6*IF($Q6="",1,$Q6)*IF($P6="",1,$P6)*IF($O6="",1,$O6)) | S6: =IFERROR(INDEX(CONFIGURACOES!$J$37:$J$300,MATCH($I6,CONFIGURACOES!$B$37:$B$300,0)),"") | T6: =IF(OR($R6="",$S6=""),"",$R6*$S6) | U6: 2026-09-02 | V6: Pendente | W6: Medicao de teste extraida do PDF de referencia ENG003341 (NOTA 29655103). | X6: =IF($A6="","",$A6&"|"&$C6&"|"&$I6) | Y6: =IF(AND($A6=RELATORIO_MEDICAO!$C$5,$C6=RELATORIO_MEDICAO!$F$5,$A6<>""),COUNTIFS($A$3:$A6,RELATORIO_MEDICAO!$C$5,$C$3:$C6,RELATORIO_MEDICAO!$F$5),"") | Z6: =IF(OR($A6="",PESQUISA!$C$4=""),0,IF(OR(ISNUMBER(SEARCH(PESQUISA!$C$4,$G6)),ISNUMBER(SEARCH(PESQUISA!$C$4,$K6)),ISNUMBER(SEARCH(PESQUISA!$C$4,$L6))),1,0)) | AA6: =IF($Z6=1,SUM($Z$3:$Z6),"") | AB6: =IF(OR($A6="",PESQUISA!$C$50=""),0,IF(ISNUMBER(SEARCH(PESQUISA!$C$50,$I6)),1,0)) | AC6: =IF($AB6=1,SUM($AB$3:$AB6),"")
A7: 29655103 | B7: MED | C7: 1 | D7: Mariana Dalapicola | E7: CAPL/LLE/ PISO INSTALACAO NOVA BOMBA | F7: ORYANE | G7: S31C-MIL | H7: - | I7: 3.1.1 | J7: =IFERROR(INDEX(CONFIGURACOES!$G$37:$G$300,MATCH($I7,CONFIGURACOES!$B$37:$B$300,0)),"") | K7: =IFERROR(INDEX(CONFIGURACOES!$H$37:$H$300,MATCH($I7,CONFIGURACOES!$B$37:$B$300,0)),"") | L7: Forma 3 | M7: =IFERROR(INDEX(CONFIGURACOES!$I$37:$I$300,MATCH($I7,CONFIGURACOES!$B$37:$B$300,0)),"") | N7: 2 | O7: 1 | P7: 0.06 | Q7: 1.5 | R7: =IF($N7="","",$N7*IF($Q7="",1,$Q7)*IF($P7="",1,$P7)*IF($O7="",1,$O7)) | S7: =IFERROR(INDEX(CONFIGURACOES!$J$37:$J$300,MATCH($I7,CONFIGURACOES!$B$37:$B$300,0)),"") | T7: =IF(OR($R7="",$S7=""),"",$R7*$S7) | U7: 2026-09-02 | V7: Pendente | W7: Medicao de teste extraida do PDF de referencia ENG003341 (NOTA 29655103). | X7: =IF($A7="","",$A7&"|"&$C7&"|"&$I7) | Y7: =IF(AND($A7=RELATORIO_MEDICAO!$C$5,$C7=RELATORIO_MEDICAO!$F$5,$A7<>""),COUNTIFS($A$3:$A7,RELATORIO_MEDICAO!$C$5,$C$3:$C7,RELATORIO_MEDICAO!$F$5),"") | Z7: =IF(OR($A7="",PESQUISA!$C$4=""),0,IF(OR(ISNUMBER(SEARCH(PESQUISA!$C$4,$G7)),ISNUMBER(SEARCH(PESQUISA!$C$4,$K7)),ISNUMBER(SEARCH(PESQUISA!$C$4,$L7))),1,0)) | AA7: =IF($Z7=1,SUM($Z$3:$Z7),"") | AB7: =IF(OR($A7="",PESQUISA!$C$50=""),0,IF(ISNUMBER(SEARCH(PESQUISA!$C$50,$I7)),1,0)) | AC7: =IF($AB7=1,SUM($AB$3:$AB7),"")
A8: 29655103 | B8: MED | C8: 1 | D8: Mariana Dalapicola | E8: CAPL/LLE/ PISO INSTALACAO NOVA BOMBA | F8: ORYANE | G8: S31C-MIL | H8: - | I8: 4.1.4 | J8: =IFERROR(INDEX(CONFIGURACOES!$G$37:$G$300,MATCH($I8,CONFIGURACOES!$B$37:$B$300,0)),"") | K8: =IFERROR(INDEX(CONFIGURACOES!$H$37:$H$300,MATCH($I8,CONFIGURACOES!$B$37:$B$300,0)),"") | L8: Malha | M8: =IFERROR(INDEX(CONFIGURACOES!$I$37:$I$300,MATCH($I8,CONFIGURACOES!$B$37:$B$300,0)),"") | N8: 1 | O8: 1.48 | P8: 1.05 | Q8: 1.5 | R8: =IF($N8="","",$N8*IF($Q8="",1,$Q8)*IF($P8="",1,$P8)*IF($O8="",1,$O8)) | S8: =IFERROR(INDEX(CONFIGURACOES!$J$37:$J$300,MATCH($I8,CONFIGURACOES!$B$37:$B$300,0)),"") | T8: =IF(OR($R8="",$S8=""),"",$R8*$S8) | U8: 2026-09-02 | V8: Pendente | W8: Medicao de teste extraida do PDF de referencia ENG003341 (NOTA 29655103). | X8: =IF($A8="","",$A8&"|"&$C8&"|"&$I8) | Y8: =IF(AND($A8=RELATORIO_MEDICAO!$C$5,$C8=RELATORIO_MEDICAO!$F$5,$A8<>""),COUNTIFS($A$3:$A8,RELATORIO_MEDICAO!$C$5,$C$3:$C8,RELATORIO_MEDICAO!$F$5),"") | Z8: =IF(OR($A8="",PESQUISA!$C$4=""),0,IF(OR(ISNUMBER(SEARCH(PESQUISA!$C$4,$G8)),ISNUMBER(SEARCH(PESQUISA!$C$4,$K8)),ISNUMBER(SEARCH(PESQUISA!$C$4,$L8))),1,0)) | AA8: =IF($Z8=1,SUM($Z$3:$Z8),"") | AB8: =IF(OR($A8="",PESQUISA!$C$50=""),0,IF(ISNUMBER(SEARCH(PESQUISA!$C$50,$I8)),1,0)) | AC8: =IF($AB8=1,SUM($AB$3:$AB8),"")
A9: 29655103 | B9: MED | C9: 1 | D9: Mariana Dalapicola | E9: CAPL/LLE/ PISO INSTALACAO NOVA BOMBA | F9: ORYANE | G9: S31C-MIL | H9: - | I9: 6.3 | J9: =IFERROR(INDEX(CONFIGURACOES!$G$37:$G$300,MATCH($I9,CONFIGURACOES!$B$37:$B$300,0)),"") | K9: =IFERROR(INDEX(CONFIGURACOES!$H$37:$H$300,MATCH($I9,CONFIGURACOES!$B$37:$B$300,0)),"") | L9: Graute | M9: =IFERROR(INDEX(CONFIGURACOES!$I$37:$I$300,MATCH($I9,CONFIGURACOES!$B$37:$B$300,0)),"") | N9: 1 | O9: 1 | P9: 1 | Q9: 0.03 | R9: =IF($N9="","",$N9*IF($Q9="",1,$Q9)*IF($P9="",1,$P9)*IF($O9="",1,$O9)) | S9: =IFERROR(INDEX(CONFIGURACOES!$J$37:$J$300,MATCH($I9,CONFIGURACOES!$B$37:$B$300,0)),"") | T9: =IF(OR($R9="",$S9=""),"",$R9*$S9) | U9: 2026-09-02 | V9: Pendente | W9: Medicao de teste extraida do PDF de referencia ENG003341 (NOTA 29655103). | X9: =IF($A9="","",$A9&"|"&$C9&"|"&$I9) | Y9: =IF(AND($A9=RELATORIO_MEDICAO!$C$5,$C9=RELATORIO_MEDICAO!$F$5,$A9<>""),COUNTIFS($A$3:$A9,RELATORIO_MEDICAO!$C$5,$C$3:$C9,RELATORIO_MEDICAO!$F$5),"") | Z9: =IF(OR($A9="",PESQUISA!$C$4=""),0,IF(OR(ISNUMBER(SEARCH(PESQUISA!$C$4,$G9)),ISNUMBER(SEARCH(PESQUISA!$C$4,$K9)),ISNUMBER(SEARCH(PESQUISA!$C$4,$L9))),1,0)) | AA9: =IF($Z9=1,SUM($Z$3:$Z9),"") | AB9: =IF(OR($A9="",PESQUISA!$C$50=""),0,IF(ISNUMBER(SEARCH(PESQUISA!$C$50,$I9)),1,0)) | AC9: =IF($AB9=1,SUM($AB$3:$AB9),"")
A10: 29655103 | B10: MED | C10: 1 | D10: Mariana Dalapicola | E10: CAPL/LLE/ PISO INSTALACAO NOVA BOMBA | F10: ORYANE | G10: S31C-MIL | H10: - | I10: 7.1 | J10: =IFERROR(INDEX(CONFIGURACOES!$G$37:$G$300,MATCH($I10,CONFIGURACOES!$B$37:$B$300,0)),"") | K10: =IFERROR(INDEX(CONFIGURACOES!$H$37:$H$300,MATCH($I10,CONFIGURACOES!$B$37:$B$300,0)),"") | L10: Sikadur | M10: =IFERROR(INDEX(CONFIGURACOES!$I$37:$I$300,MATCH($I10,CONFIGURACOES!$B$37:$B$300,0)),"") | N10: 1 | O10: 1 | P10: 1 | Q10: 1 | R10: =IF($N10="","",$N10*IF($Q10="",1,$Q10)*IF($P10="",1,$P10)*IF($O10="",1,$O10)) | S10: =IFERROR(INDEX(CONFIGURACOES!$J$37:$J$300,MATCH($I10,CONFIGURACOES!$B$37:$B$300,0)),"") | T10: =IF(OR($R10="",$S10=""),"",$R10*$S10) | U10: 2026-09-02 | V10: Pendente | W10: Medicao de teste extraida do PDF de referencia ENG003341 (NOTA 29655103). | X10: =IF($A10="","",$A10&"|"&$C10&"|"&$I10) | Y10: =IF(AND($A10=RELATORIO_MEDICAO!$C$5,$C10=RELATORIO_MEDICAO!$F$5,$A10<>""),COUNTIFS($A$3:$A10,RELATORIO_MEDICAO!$C$5,$C$3:$C10,RELATORIO_MEDICAO!$F$5),"") | Z10: =IF(OR($A10="",PESQUISA!$C$4=""),0,IF(OR(ISNUMBER(SEARCH(PESQUISA!$C$4,$G10)),ISNUMBER(SEARCH(PESQUISA!$C$4,$K10)),ISNUMBER(SEARCH(PESQUISA!$C$4,$L10))),1,0)) | AA10: =IF($Z10=1,SUM($Z$3:$Z10),"") | AB10: =IF(OR($A10="",PESQUISA!$C$50=""),0,IF(ISNUMBER(SEARCH(PESQUISA!$C$50,$I10)),1,0)) | AC10: =IF($AB10=1,SUM($AB$3:$AB10),"")
J11: =IFERROR(INDEX(CONFIGURACOES!$G$37:$G$300,MATCH($I11,CONFIGURACOES!$B$37:$B$300,0)),"") | K11: =IFERROR(INDEX(CONFIGURACOES!$H$37:$H$300,MATCH($I11,CONFIGURACOES!$B$37:$B$300,0)),"") | M11: =IFERROR(INDEX(CONFIGURACOES!$I$37:$I$300,MATCH($I11,CONFIGURACOES!$B$37:$B$300,0)),"") | R11: =IF($N11="","",$N11*IF($Q11="",1,$Q11)*IF($P11="",1,$P11)*IF($O11="",1,$O11)) | S11: =IFERROR(INDEX(CONFIGURACOES!$J$37:$J$300,MATCH($I11,CONFIGURACOES!$B$37:$B$300,0)),"") | T11: =IF(OR($R11="",$S11=""),"",$R11*$S11) | X11: =IF($A11="","",$A11&"|"&$C11&"|"&$I11) | Y11: =IF(AND($A11=RELATORIO_MEDICAO!$C$5,$C11=RELATORIO_MEDICAO!$F$5,$A11<>""),COUNTIFS($A$3:$A11,RELATORIO_MEDICAO!$C$5,$C$3:$C11,RELATORIO_MEDICAO!$F$5),"") | Z11: =IF(OR($A11="",PESQUISA!$C$4=""),0,IF(OR(ISNUMBER(SEARCH(PESQUISA!$C$4,$G11)),ISNUMBER(SEARCH(PESQUISA!$C$4,$K11)),ISNUMBER(SEARCH(PESQUISA!$C$4,$L11))),1,0)) | AA11: =IF($Z11=1,SUM($Z$3:$Z11),"") | AB11: =IF(OR($A11="",PESQUISA!$C$50=""),0,IF(ISNUMBER(SEARCH(PESQUISA!$C$50,$I11)),1,0)) | AC11: =IF($AB11=1,SUM($AB$3:$AB11),"")
J12: =IFERROR(INDEX(CONFIGURACOES!$G$37:$G$300,MATCH($I12,CONFIGURACOES!$B$37:$B$300,0)),"") | K12: =IFERROR(INDEX(CONFIGURACOES!$H$37:$H$300,MATCH($I12,CONFIGURACOES!$B$37:$B$300,0)),"") | M12: =IFERROR(INDEX(CONFIGURACOES!$I$37:$I$300,MATCH($I12,CONFIGURACOES!$B$37:$B$300,0)),"") | R12: =IF($N12="","",$N12*IF($Q12="",1,$Q12)*IF($P12="",1,$P12)*IF($O12="",1,$O12)) | S12: =IFERROR(INDEX(CONFIGURACOES!$J$37:$J$300,MATCH($I12,CONFIGURACOES!$B$37:$B$300,0)),"") | T12: =IF(OR($R12="",$S12=""),"",$R12*$S12) | X12: =IF($A12="","",$A12&"|"&$C12&"|"&$I12) | Y12: =IF(AND($A12=RELATORIO_MEDICAO!$C$5,$C12=RELATORIO_MEDICAO!$F$5,$A12<>""),COUNTIFS($A$3:$A12,RELATORIO_MEDICAO!$C$5,$C$3:$C12,RELATORIO_MEDICAO!$F$5),"") | Z12: =IF(OR($A12="",PESQUISA!$C$4=""),0,IF(OR(ISNUMBER(SEARCH(PESQUISA!$C$4,$G12)),ISNUMBER(SEARCH(PESQUISA!$C$4,$K12)),ISNUMBER(SEARCH(PESQUISA!$C$4,$L12))),1,0)) | AA12: =IF($Z12=1,SUM($Z$3:$Z12),"") | AB12: =IF(OR($A12="",PESQUISA!$C$50=""),0,IF(ISNUMBER(SEARCH(PESQUISA!$C$50,$I12)),1,0)) | AC12: =IF($AB12=1,SUM($AB$3:$AB12),"")
J13: =IFERROR(INDEX(CONFIGURACOES!$G$37:$G$300,MATCH($I13,CONFIGURACOES!$B$37:$B$300,0)),"") | K13: =IFERROR(INDEX(CONFIGURACOES!$H$37:$H$300,MATCH($I13,CONFIGURACOES!$B$37:$B$300,0)),"") | M13: =IFERROR(INDEX(CONFIGURACOES!$I$37:$I$300,MATCH($I13,CONFIGURACOES!$B$37:$B$300,0)),"") | R13: =IF($N13="","",$N13*IF($Q13="",1,$Q13)*IF($P13="",1,$P13)*IF($O13="",1,$O13)) | S13: =IFERROR(INDEX(CONFIGURACOES!$J$37:$J$300,MATCH($I13,CONFIGURACOES!$B$37:$B$300,0)),"") | T13: =IF(OR($R13="",$S13=""),"",$R13*$S13) | X13: =IF($A13="","",$A13&"|"&$C13&"|"&$I13) | Y13: =IF(AND($A13=RELATORIO_MEDICAO!$C$5,$C13=RELATORIO_MEDICAO!$F$5,$A13<>""),COUNTIFS($A$3:$A13,RELATORIO_MEDICAO!$C$5,$C$3:$C13,RELATORIO_MEDICAO!$F$5),"") | Z13: =IF(OR($A13="",PESQUISA!$C$4=""),0,IF(OR(ISNUMBER(SEARCH(PESQUISA!$C$4,$G13)),ISNUMBER(SEARCH(PESQUISA!$C$4,$K13)),ISNUMBER(SEARCH(PESQUISA!$C$4,$L13))),1,0)) | AA13: =IF($Z13=1,SUM($Z$3:$Z13),"") | AB13: =IF(OR($A13="",PESQUISA!$C$50=""),0,IF(ISNUMBER(SEARCH(PESQUISA!$C$50,$I13)),1,0)) | AC13: =IF($AB13=1,SUM($AB$3:$AB13),"")
J14: =IFERROR(INDEX(CONFIGURACOES!$G$37:$G$300,MATCH($I14,CONFIGURACOES!$B$37:$B$300,0)),"") | K14: =IFERROR(INDEX(CONFIGURACOES!$H$37:$H$300,MATCH($I14,CONFIGURACOES!$B$37:$B$300,0)),"") | M14: =IFERROR(INDEX(CONFIGURACOES!$I$37:$I$300,MATCH($I14,CONFIGURACOES!$B$37:$B$300,0)),"") | R14: =IF($N14="","",$N14*IF($Q14="",1,$Q14)*IF($P14="",1,$P14)*IF($O14="",1,$O14)) | S14: =IFERROR(INDEX(CONFIGURACOES!$J$37:$J$300,MATCH($I14,CONFIGURACOES!$B$37:$B$300,0)),"") | T14: =IF(OR($R14="",$S14=""),"",$R14*$S14) | X14: =IF($A14="","",$A14&"|"&$C14&"|"&$I14) | Y14: =IF(AND($A14=RELATORIO_MEDICAO!$C$5,$C14=RELATORIO_MEDICAO!$F$5,$A14<>""),COUNTIFS($A$3:$A14,RELATORIO_MEDICAO!$C$5,$C$3:$C14,RELATORIO_MEDICAO!$F$5),"") | Z14: =IF(OR($A14="",PESQUISA!$C$4=""),0,IF(OR(ISNUMBER(SEARCH(PESQUISA!$C$4,$G14)),ISNUMBER(SEARCH(PESQUISA!$C$4,$K14)),ISNUMBER(SEARCH(PESQUISA!$C$4,$L14))),1,0)) | AA14: =IF($Z14=1,SUM($Z$3:$Z14),"") | AB14: =IF(OR($A14="",PESQUISA!$C$50=""),0,IF(ISNUMBER(SEARCH(PESQUISA!$C$50,$I14)),1,0)) | AC14: =IF($AB14=1,SUM($AB$3:$AB14),"")
J15: =IFERROR(INDEX(CONFIGURACOES!$G$37:$G$300,MATCH($I15,CONFIGURACOES!$B$37:$B$300,0)),"") | K15: =IFERROR(INDEX(CONFIGURACOES!$H$37:$H$300,MATCH($I15,CONFIGURACOES!$B$37:$B$300,0)),"") | M15: =IFERROR(INDEX(CONFIGURACOES!$I$37:$I$300,MATCH($I15,CONFIGURACOES!$B$37:$B$300,0)),"") | R15: =IF($N15="","",$N15*IF($Q15="",1,$Q15)*IF($P15="",1,$P15)*IF($O15="",1,$O15)) | S15: =IFERROR(INDEX(CONFIGURACOES!$J$37:$J$300,MATCH($I15,CONFIGURACOES!$B$37:$B$300,0)),"") | T15: =IF(OR($R15="",$S15=""),"",$R15*$S15) | X15: =IF($A15="","",$A15&"|"&$C15&"|"&$I15) | Y15: =IF(AND($A15=RELATORIO_MEDICAO!$C$5,$C15=RELATORIO_MEDICAO!$F$5,$A15<>""),COUNTIFS($A$3:$A15,RELATORIO_MEDICAO!$C$5,$C$3:$C15,RELATORIO_MEDICAO!$F$5),"") | Z15: =IF(OR($A15="",PESQUISA!$C$4=""),0,IF(OR(ISNUMBER(SEARCH(PESQUISA!$C$4,$G15)),ISNUMBER(SEARCH(PESQUISA!$C$4,$K15)),ISNUMBER(SEARCH(PESQUISA!$C$4,$L15))),1,0)) | AA15: =IF($Z15=1,SUM($Z$3:$Z15),"") | AB15: =IF(OR($A15="",PESQUISA!$C$50=""),0,IF(ISNUMBER(SEARCH(PESQUISA!$C$50,$I15)),1,0)) | AC15: =IF($AB15=1,SUM($AB$3:$AB15),"")
J16: =IFERROR(INDEX(CONFIGURACOES!$G$37:$G$300,MATCH($I16,CONFIGURACOES!$B$37:$B$300,0)),"") | K16: =IFERROR(INDEX(CONFIGURACOES!$H$37:$H$300,MATCH($I16,CONFIGURACOES!$B$37:$B$300,0)),"") | M16: =IFERROR(INDEX(CONFIGURACOES!$I$37:$I$300,MATCH($I16,CONFIGURACOES!$B$37:$B$300,0)),"") | R16: =IF($N16="","",$N16*IF($Q16="",1,$Q16)*IF($P16="",1,$P16)*IF($O16="",1,$O16)) | S16: =IFERROR(INDEX(CONFIGURACOES!$J$37:$J$300,MATCH($I16,CONFIGURACOES!$B$37:$B$300,0)),"") | T16: =IF(OR($R16="",$S16=""),"",$R16*$S16) | X16: =IF($A16="","",$A16&"|"&$C16&"|"&$I16) | Y16: =IF(AND($A16=RELATORIO_MEDICAO!$C$5,$C16=RELATORIO_MEDICAO!$F$5,$A16<>""),COUNTIFS($A$3:$A16,RELATORIO_MEDICAO!$C$5,$C$3:$C16,RELATORIO_MEDICAO!$F$5),"") | Z16: =IF(OR($A16="",PESQUISA!$C$4=""),0,IF(OR(ISNUMBER(SEARCH(PESQUISA!$C$4,$G16)),ISNUMBER(SEARCH(PESQUISA!$C$4,$K16)),ISNUMBER(SEARCH(PESQUISA!$C$4,$L16))),1,0)) | AA16: =IF($Z16=1,SUM($Z$3:$Z16),"") | AB16: =IF(OR($A16="",PESQUISA!$C$50=""),0,IF(ISNUMBER(SEARCH(PESQUISA!$C$50,$I16)),1,0)) | AC16: =IF($AB16=1,SUM($AB$3:$AB16),"")
J17: =IFERROR(INDEX(CONFIGURACOES!$G$37:$G$300,MATCH($I17,CONFIGURACOES!$B$37:$B$300,0)),"") | K17: =IFERROR(INDEX(CONFIGURACOES!$H$37:$H$300,MATCH($I17,CONFIGURACOES!$B$37:$B$300,0)),"") | M17: =IFERROR(INDEX(CONFIGURACOES!$I$37:$I$300,MATCH($I17,CONFIGURACOES!$B$37:$B$300,0)),"") | R17: =IF($N17="","",$N17*IF($Q17="",1,$Q17)*IF($P17="",1,$P17)*IF($O17="",1,$O17)) | S17: =IFERROR(INDEX(CONFIGURACOES!$J$37:$J$300,MATCH($I17,CONFIGURACOES!$B$37:$B$300,0)),"") | T17: =IF(OR($R17="",$S17=""),"",$R17*$S17) | X17: =IF($A17="","",$A17&"|"&$C17&"|"&$I17) | Y17: =IF(AND($A17=RELATORIO_MEDICAO!$C$5,$C17=RELATORIO_MEDICAO!$F$5,$A17<>""),COUNTIFS($A$3:$A17,RELATORIO_MEDICAO!$C$5,$C$3:$C17,RELATORIO_MEDICAO!$F$5),"") | Z17: =IF(OR($A17="",PESQUISA!$C$4=""),0,IF(OR(ISNUMBER(SEARCH(PESQUISA!$C$4,$G17)),ISNUMBER(SEARCH(PESQUISA!$C$4,$K17)),ISNUMBER(SEARCH(PESQUISA!$C$4,$L17))),1,0)) | AA17: =IF($Z17=1,SUM($Z$3:$Z17),"") | AB17: =IF(OR($A17="",PESQUISA!$C$50=""),0,IF(ISNUMBER(SEARCH(PESQUISA!$C$50,$I17)),1,0)) | AC17: =IF($AB17=1,SUM($AB$3:$AB17),"")
J18: =IFERROR(INDEX(CONFIGURACOES!$G$37:$G$300,MATCH($I18,CONFIGURACOES!$B$37:$B$300,0)),"") | K18: =IFERROR(INDEX(CONFIGURACOES!$H$37:$H$300,MATCH($I18,CONFIGURACOES!$B$37:$B$300,0)),"") | M18: =IFERROR(INDEX(CONFIGURACOES!$I$37:$I$300,MATCH($I18,CONFIGURACOES!$B$37:$B$300,0)),"") | R18: =IF($N18="","",$N18*IF($Q18="",1,$Q18)*IF($P18="",1,$P18)*IF($O18="",1,$O18)) | S18: =IFERROR(INDEX(CONFIGURACOES!$J$37:$J$300,MATCH($I18,CONFIGURACOES!$B$37:$B$300,0)),"") | T18: =IF(OR($R18="",$S18=""),"",$R18*$S18) | X18: =IF($A18="","",$A18&"|"&$C18&"|"&$I18) | Y18: =IF(AND($A18=RELATORIO_MEDICAO!$C$5,$C18=RELATORIO_MEDICAO!$F$5,$A18<>""),COUNTIFS($A$3:$A18,RELATORIO_MEDICAO!$C$5,$C$3:$C18,RELATORIO_MEDICAO!$F$5),"") | Z18: =IF(OR($A18="",PESQUISA!$C$4=""),0,IF(OR(ISNUMBER(SEARCH(PESQUISA!$C$4,$G18)),ISNUMBER(SEARCH(PESQUISA!$C$4,$K18)),ISNUMBER(SEARCH(PESQUISA!$C$4,$L18))),1,0)) | AA18: =IF($Z18=1,SUM($Z$3:$Z18),"") | AB18: =IF(OR($A18="",PESQUISA!$C$50=""),0,IF(ISNUMBER(SEARCH(PESQUISA!$C$50,$I18)),1,0)) | AC18: =IF($AB18=1,SUM($AB$3:$AB18),"")
J19: =IFERROR(INDEX(CONFIGURACOES!$G$37:$G$300,MATCH($I19,CONFIGURACOES!$B$37:$B$300,0)),"") | K19: =IFERROR(INDEX(CONFIGURACOES!$H$37:$H$300,MATCH($I19,CONFIGURACOES!$B$37:$B$300,0)),"") | M19: =IFERROR(INDEX(CONFIGURACOES!$I$37:$I$300,MATCH($I19,CONFIGURACOES!$B$37:$B$300,0)),"") | R19: =IF($N19="","",$N19*IF($Q19="",1,$Q19)*IF($P19="",1,$P19)*IF($O19="",1,$O19)) | S19: =IFERROR(INDEX(CONFIGURACOES!$J$37:$J$300,MATCH($I19,CONFIGURACOES!$B$37:$B$300,0)),"") | T19: =IF(OR($R19="",$S19=""),"",$R19*$S19) | X19: =IF($A19="","",$A19&"|"&$C19&"|"&$I19) | Y19: =IF(AND($A19=RELATORIO_MEDICAO!$C$5,$C19=RELATORIO_MEDICAO!$F$5,$A19<>""),COUNTIFS($A$3:$A19,RELATORIO_MEDICAO!$C$5,$C$3:$C19,RELATORIO_MEDICAO!$F$5),"") | Z19: =IF(OR($A19="",PESQUISA!$C$4=""),0,IF(OR(ISNUMBER(SEARCH(PESQUISA!$C$4,$G19)),ISNUMBER(SEARCH(PESQUISA!$C$4,$K19)),ISNUMBER(SEARCH(PESQUISA!$C$4,$L19))),1,0)) | AA19: =IF($Z19=1,SUM($Z$3:$Z19),"") | AB19: =IF(OR($A19="",PESQUISA!$C$50=""),0,IF(ISNUMBER(SEARCH(PESQUISA!$C$50,$I19)),1,0)) | AC19: =IF($AB19=1,SUM($AB$3:$AB19),"")
J20: =IFERROR(INDEX(CONFIGURACOES!$G$37:$G$300,MATCH($I20,CONFIGURACOES!$B$37:$B$300,0)),"") | K20: =IFERROR(INDEX(CONFIGURACOES!$H$37:$H$300,MATCH($I20,CONFIGURACOES!$B$37:$B$300,0)),"") | M20: =IFERROR(INDEX(CONFIGURACOES!$I$37:$I$300,MATCH($I20,CONFIGURACOES!$B$37:$B$300,0)),"") | R20: =IF($N20="","",$N20*IF($Q20="",1,$Q20)*IF($P20="",1,$P20)*IF($O20="",1,$O20)) | S20: =IFERROR(INDEX(CONFIGURACOES!$J$37:$J$300,MATCH($I20,CONFIGURACOES!$B$37:$B$300,0)),"") | T20: =IF(OR($R20="",$S20=""),"",$R20*$S20) | X20: =IF($A20="","",$A20&"|"&$C20&"|"&$I20) | Y20: =IF(AND($A20=RELATORIO_MEDICAO!$C$5,$C20=RELATORIO_MEDICAO!$F$5,$A20<>""),COUNTIFS($A$3:$A20,RELATORIO_MEDICAO!$C$5,$C$3:$C20,RELATORIO_MEDICAO!$F$5),"") | Z20: =IF(OR($A20="",PESQUISA!$C$4=""),0,IF(OR(ISNUMBER(SEARCH(PESQUISA!$C$4,$G20)),ISNUMBER(SEARCH(PESQUISA!$C$4,$K20)),ISNUMBER(SEARCH(PESQUISA!$C$4,$L20))),1,0)) | AA20: =IF($Z20=1,SUM($Z$3:$Z20),"") | AB20: =IF(OR($A20="",PESQUISA!$C$50=""),0,IF(ISNUMBER(SEARCH(PESQUISA!$C$50,$I20)),1,0)) | AC20: =IF($AB20=1,SUM($AB$3:$AB20),"")
J21: =IFERROR(INDEX(CONFIGURACOES!$G$37:$G$300,MATCH($I21,CONFIGURACOES!$B$37:$B$300,0)),"") | K21: =IFERROR(INDEX(CONFIGURACOES!$H$37:$H$300,MATCH($I21,CONFIGURACOES!$B$37:$B$300,0)),"") | M21: =IFERROR(INDEX(CONFIGURACOES!$I$37:$I$300,MATCH($I21,CONFIGURACOES!$B$37:$B$300,0)),"") | R21: =IF($N21="","",$N21*IF($Q21="",1,$Q21)*IF($P21="",1,$P21)*IF($O21="",1,$O21)) | S21: =IFERROR(INDEX(CONFIGURACOES!$J$37:$J$300,MATCH($I21,CONFIGURACOES!$B$37:$B$300,0)),"") | T21: =IF(OR($R21="",$S21=""),"",$R21*$S21) | X21: =IF($A21="","",$A21&"|"&$C21&"|"&$I21) | Y21: =IF(AND($A21=RELATORIO_MEDICAO!$C$5,$C21=RELATORIO_MEDICAO!$F$5,$A21<>""),COUNTIFS($A$3:$A21,RELATORIO_MEDICAO!$C$5,$C$3:$C21,RELATORIO_MEDICAO!$F$5),"") | Z21: =IF(OR($A21="",PESQUISA!$C$4=""),0,IF(OR(ISNUMBER(SEARCH(PESQUISA!$C$4,$G21)),ISNUMBER(SEARCH(PESQUISA!$C$4,$K21)),ISNUMBER(SEARCH(PESQUISA!$C$4,$L21))),1,0)) | AA21: =IF($Z21=1,SUM($Z$3:$Z21),"") | AB21: =IF(OR($A21="",PESQUISA!$C$50=""),0,IF(ISNUMBER(SEARCH(PESQUISA!$C$50,$I21)),1,0)) | AC21: =IF($AB21=1,SUM($AB$3:$AB21),"")
J22: =IFERROR(INDEX(CONFIGURACOES!$G$37:$G$300,MATCH($I22,CONFIGURACOES!$B$37:$B$300,0)),"") | K22: =IFERROR(INDEX(CONFIGURACOES!$H$37:$H$300,MATCH($I22,CONFIGURACOES!$B$37:$B$300,0)),"") | M22: =IFERROR(INDEX(CONFIGURACOES!$I$37:$I$300,MATCH($I22,CONFIGURACOES!$B$37:$B$300,0)),"") | R22: =IF($N22="","",$N22*IF($Q22="",1,$Q22)*IF($P22="",1,$P22)*IF($O22="",1,$O22)) | S22: =IFERROR(INDEX(CONFIGURACOES!$J$37:$J$300,MATCH($I22,CONFIGURACOES!$B$37:$B$300,0)),"") | T22: =IF(OR($R22="",$S22=""),"",$R22*$S22) | X22: =IF($A22="","",$A22&"|"&$C22&"|"&$I22) | Y22: =IF(AND($A22=RELATORIO_MEDICAO!$C$5,$C22=RELATORIO_MEDICAO!$F$5,$A22<>""),COUNTIFS($A$3:$A22,RELATORIO_MEDICAO!$C$5,$C$3:$C22,RELATORIO_MEDICAO!$F$5),"") | Z22: =IF(OR($A22="",PESQUISA!$C$4=""),0,IF(OR(ISNUMBER(SEARCH(PESQUISA!$C$4,$G22)),ISNUMBER(SEARCH(PESQUISA!$C$4,$K22)),ISNUMBER(SEARCH(PESQUISA!$C$4,$L22))),1,0)) | AA22: =IF($Z22=1,SUM($Z$3:$Z22),"") | AB22: =IF(OR($A22="",PESQUISA!$C$50=""),0,IF(ISNUMBER(SEARCH(PESQUISA!$C$50,$I22)),1,0)) | AC22: =IF($AB22=1,SUM($AB$3:$AB22),"")
... J2002: =IFERROR(INDEX(CONFIGURACOES!$G$37:$G$300,MATCH($I2002,CONFIGURACOES!$B$37:$B$300,0)),"") | K2002: =IFERROR(INDEX(CONFIGURACOES!$H$37:$H$300,MATCH($I2002,CONFIGURACOES!$B$37:$B$300,0)),"") | M2002: =IFERROR(INDEX(CONFIGURACOES!$I$37:$I$300,MATCH($I2002,CONFIGURACOES!$B$37:$B$300,0)),"") | R2002: =IF($N2002="","",$N2002*IF($Q2002="",1,$Q2002)*IF($P2002="",1,$P2002)*IF($O2002="",1,$O2002)) | S2002: =IFERROR(INDEX(CONFIGURACOES!$J$37:$J$300,MATCH($I2002,CONFIGURACOES!$B$37:$B$300,0)),"") | T2002: =IF(OR($R2002="",$S2002=""),"",$R2002*$S2002) | X2002: =IF($A2002="","",$A2002&"|"&$C2002&"|"&$I2002) | Y2002: =IF(AND($A2002=RELATORIO_MEDICAO!$C$5,$C2002=RELATORIO_MEDICAO!$F$5,$A2002<>""),COUNTIFS($A$3:$A2002,RELATORIO_MEDICAO!$C$5,$C$3:$C2002,RELATORIO_MEDICAO!$F$5),"") | Z2002: =IF(OR($A2002="",PESQUISA!$C$4=""),0,IF(OR(ISNUMBER(SEARCH(PESQUISA!$C$4,$G2002)),ISNUMBER(SEARCH(PESQUISA!$C$4,$K2002)),ISNUMBER(SEARCH(PESQUISA!$C$4,$L2002))),1,0)) | AA2002: =IF($Z2002=1,SUM($Z$3:$Z2002),"") | AB2002: =IF(OR($A2002="",PESQUISA!$C$50=""),0,IF(ISNUMBER(SEARCH(PESQUISA!$C$50,$I2002)),1,0)) | AC2002: =IF($AB2002=1,SUM($AB$3:$AB2002),"")

Sheet PESQUISA
A1: PESQUISA / CONSULTA DE MEDICOES
A2: Pesquisa funcional (formulas), sem necessidade de macros. Aceita parte do texto.
B3: PESQUISAR POR CT OU TEXTO BREVE (aceita parte do texto, ex.: 'PINTURA' ou 'RESTAURANTE')
B4: Digite aqui:
B6: NOTA | C6: MEDICAO | D6: ITEM | E6: CT | F6: ATIVIDADE | G6: DESCRICAO | H6: UND. | I6: VALOR TOTAL
B7: =IFERROR(INDEX(HISTORICO!$A$3:$A$2002,MATCH(1,HISTORICO!$AA$3:$AA$2002,0)),"") | C7: =IFERROR(INDEX(HISTORICO!$C$3:$C$2002,MATCH(1,HISTORICO!$AA$3:$AA$2002,0)),"") | D7: =IFERROR(INDEX(HISTORICO!$I$3:$I$2002,MATCH(1,HISTORICO!$AA$3:$AA$2002,0)),"") | E7: =IFERROR(INDEX(HISTORICO!$G$3:$G$2002,MATCH(1,HISTORICO!$AA$3:$AA$2002,0)),"") | F7: =IFERROR(INDEX(HISTORICO!$K$3:$K$2002,MATCH(1,HISTORICO!$AA$3:$AA$2002,0)),"") | G7: =IFERROR(INDEX(HISTORICO!$L$3:$L$2002,MATCH(1,HISTORICO!$AA$3:$AA$2002,0)),"") | H7: =IFERROR(INDEX(HISTORICO!$M$3:$M$2002,MATCH(1,HISTORICO!$AA$3:$AA$2002,0)),"") | I7: =IFERROR(INDEX(HISTORICO!$T$3:$T$2002,MATCH(1,HISTORICO!$AA$3:$AA$2002,0)),"")
B8: =IFERROR(INDEX(HISTORICO!$A$3:$A$2002,MATCH(2,HISTORICO!$AA$3:$AA$2002,0)),"") | C8: =IFERROR(INDEX(HISTORICO!$C$3:$C$2002,MATCH(2,HISTORICO!$AA$3:$AA$2002,0)),"") | D8: =IFERROR(INDEX(HISTORICO!$I$3:$I$2002,MATCH(2,HISTORICO!$AA$3:$AA$2002,0)),"") | E8: =IFERROR(INDEX(HISTORICO!$G$3:$G$2002,MATCH(2,HISTORICO!$AA$3:$AA$2002,0)),"") | F8: =IFERROR(INDEX(HISTORICO!$K$3:$K$2002,MATCH(2,HISTORICO!$AA$3:$AA$2002,0)),"") | G8: =IFERROR(INDEX(HISTORICO!$L$3:$L$2002,MATCH(2,HISTORICO!$AA$3:$AA$2002,0)),"") | H8: =IFERROR(INDEX(HISTORICO!$M$3:$M$2002,MATCH(2,HISTORICO!$AA$3:$AA$2002,0)),"") | I8: =IFERROR(INDEX(HISTORICO!$T$3:$T$2002,MATCH(2,HISTORICO!$AA$3:$AA$2002,0)),"")
B9: =IFERROR(INDEX(HISTORICO!$A$3:$A$2002,MATCH(3,HISTORICO!$AA$3:$AA$2002,0)),"") | C9: =IFERROR(INDEX(HISTORICO!$C$3:$C$2002,MATCH(3,HISTORICO!$AA$3:$AA$2002,0)),"") | D9: =IFERROR(INDEX(HISTORICO!$I$3:$I$2002,MATCH(3,HISTORICO!$AA$3:$AA$2002,0)),"") | E9: =IFERROR(INDEX(HISTORICO!$G$3:$G$2002,MATCH(3,HISTORICO!$AA$3:$AA$2002,0)),"") | F9: =IFERROR(INDEX(HISTORICO!$K$3:$K$2002,MATCH(3,HISTORICO!$AA$3:$AA$2002,0)),"") | G9: =IFERROR(INDEX(HISTORICO!$L$3:$L$2002,MATCH(3,HISTORICO!$AA$3:$AA$2002,0)),"") | H9: =IFERROR(INDEX(HISTORICO!$M$3:$M$2002,MATCH(3,HISTORICO!$AA$3:$AA$2002,0)),"") | I9: =IFERROR(INDEX(HISTORICO!$T$3:$T$2002,MATCH(3,HISTORICO!$AA$3:$AA$2002,0)),"")
B10: =IFERROR(INDEX(HISTORICO!$A$3:$A$2002,MATCH(4,HISTORICO!$AA$3:$AA$2002,0)),"") | C10: =IFERROR(INDEX(HISTORICO!$C$3:$C$2002,MATCH(4,HISTORICO!$AA$3:$AA$2002,0)),"") | D10: =IFERROR(INDEX(HISTORICO!$I$3:$I$2002,MATCH(4,HISTORICO!$AA$3:$AA$2002,0)),"") | E10: =IFERROR(INDEX(HISTORICO!$G$3:$G$2002,MATCH(4,HISTORICO!$AA$3:$AA$2002,0)),"") | F10: =IFERROR(INDEX(HISTORICO!$K$3:$K$2002,MATCH(4,HISTORICO!$AA$3:$AA$2002,0)),"") | G10: =IFERROR(INDEX(HISTORICO!$L$3:$L$2002,MATCH(4,HISTORICO!$AA$3:$AA$2002,0)),"") | H10: =IFERROR(INDEX(HISTORICO!$M$3:$M$2002,MATCH(4,HISTORICO!$AA$3:$AA$2002,0)),"") | I10: =IFERROR(INDEX(HISTORICO!$T$3:$T$2002,MATCH(4,HISTORICO!$AA$3:$AA$2002,0)),"")
B11: =IFERROR(INDEX(HISTORICO!$A$3:$A$2002,MATCH(5,HISTORICO!$AA$3:$AA$2002,0)),"") | C11: =IFERROR(INDEX(HISTORICO!$C$3:$C$2002,MATCH(5,HISTORICO!$AA$3:$AA$2002,0)),"") | D11: =IFERROR(INDEX(HISTORICO!$I$3:$I$2002,MATCH(5,HISTORICO!$AA$3:$AA$2002,0)),"") | E11: =IFERROR(INDEX(HISTORICO!$G$3:$G$2002,MATCH(5,HISTORICO!$AA$3:$AA$2002,0)),"") | F11: =IFERROR(INDEX(HISTORICO!$K$3:$K$2002,MATCH(5,HISTORICO!$AA$3:$AA$2002,0)),"") | G11: =IFERROR(INDEX(HISTORICO!$L$3:$L$2002,MATCH(5,HISTORICO!$AA$3:$AA$2002,0)),"") | H11: =IFERROR(INDEX(HISTORICO!$M$3:$M$2002,MATCH(5,HISTORICO!$AA$3:$AA$2002,0)),"") | I11: =IFERROR(INDEX(HISTORICO!$T$3:$T$2002,MATCH(5,HISTORICO!$AA$3:$AA$2002,0)),"")
B12: =IFERROR(INDEX(HISTORICO!$A$3:$A$2002,MATCH(6,HISTORICO!$AA$3:$AA$2002,0)),"") | C12: =IFERROR(INDEX(HISTORICO!$C$3:$C$2002,MATCH(6,HISTORICO!$AA$3:$AA$2002,0)),"") | D12: =IFERROR(INDEX(HISTORICO!$I$3:$I$2002,MATCH(6,HISTORICO!$AA$3:$AA$2002,0)),"") | E12: =IFERROR(INDEX(HISTORICO!$G$3:$G$2002,MATCH(6,HISTORICO!$AA$3:$AA$2002,0)),"") | F12: =IFERROR(INDEX(HISTORICO!$K$3:$K$2002,MATCH(6,HISTORICO!$AA$3:$AA$2002,0)),"") | G12: =IFERROR(INDEX(HISTORICO!$L$3:$L$2002,MATCH(6,HISTORICO!$AA$3:$AA$2002,0)),"") | H12: =IFERROR(INDEX(HISTORICO!$M$3:$M$2002,MATCH(6,HISTORICO!$AA$3:$AA$2002,0)),"") | I12: =IFERROR(INDEX(HISTORICO!$T$3:$T$2002,MATCH(6,HISTORICO!$AA$3:$AA$2002,0)),"")
B13: =IFERROR(INDEX(HISTORICO!$A$3:$A$2002,MATCH(7,HISTORICO!$AA$3:$AA$2002,0)),"") | C13: =IFERROR(INDEX(HISTORICO!$C$3:$C$2002,MATCH(7,HISTORICO!$AA$3:$AA$2002,0)),"") | D13: =IFERROR(INDEX(HISTORICO!$I$3:$I$2002,MATCH(7,HISTORICO!$AA$3:$AA$2002,0)),"") | E13: =IFERROR(INDEX(HISTORICO!$G$3:$G$2002,MATCH(7,HISTORICO!$AA$3:$AA$2002,0)),"") | F13: =IFERROR(INDEX(HISTORICO!$K$3:$K$2002,MATCH(7,HISTORICO!$AA$3:$AA$2002,0)),"") | G13: =IFERROR(INDEX(HISTORICO!$L$3:$L$2002,MATCH(7,HISTORICO!$AA$3:$AA$2002,0)),"") | H13: =IFERROR(INDEX(HISTORICO!$M$3:$M$2002,MATCH(7,HISTORICO!$AA$3:$AA$2002,0)),"") | I13: =IFERROR(INDEX(HISTORICO!$T$3:$T$2002,MATCH(7,HISTORICO!$AA$3:$AA$2002,0)),"")
B14: =IFERROR(INDEX(HISTORICO!$A$3:$A$2002,MATCH(8,HISTORICO!$AA$3:$AA$2002,0)),"") | C14: =IFERROR(INDEX(HISTORICO!$C$3:$C$2002,MATCH(8,HISTORICO!$AA$3:$AA$2002,0)),"") | D14: =IFERROR(INDEX(HISTORICO!$I$3:$I$2002,MATCH(8,HISTORICO!$AA$3:$AA$2002,0)),"") | E14: =IFERROR(INDEX(HISTORICO!$G$3:$G$2002,MATCH(8,HISTORICO!$AA$3:$AA$2002,0)),"") | F14: =IFERROR(INDEX(HISTORICO!$K$3:$K$2002,MATCH(8,HISTORICO!$AA$3:$AA$2002,0)),"") | G14: =IFERROR(INDEX(HISTORICO!$L$3:$L$2002,MATCH(8,HISTORICO!$AA$3:$AA$2002,0)),"") | H14: =IFERROR(INDEX(HISTORICO!$M$3:$M$2002,MATCH(8,HISTORICO!$AA$3:$AA$2002,0)),"") | I14: =IFERROR(INDEX(HISTORICO!$T$3:$T$2002,MATCH(8,HISTORICO!$AA$3:$AA$2002,0)),"")
B15: =IFERROR(INDEX(HISTORICO!$A$3:$A$2002,MATCH(9,HISTORICO!$AA$3:$AA$2002,0)),"") | C15: =IFERROR(INDEX(HISTORICO!$C$3:$C$2002,MATCH(9,HISTORICO!$AA$3:$AA$2002,0)),"") | D15: =IFERROR(INDEX(HISTORICO!$I$3:$I$2002,MATCH(9,HISTORICO!$AA$3:$AA$2002,0)),"") | E15: =IFERROR(INDEX(HISTORICO!$G$3:$G$2002,MATCH(9,HISTORICO!$AA$3:$AA$2002,0)),"") | F15: =IFERROR(INDEX(HISTORICO!$K$3:$K$2002,MATCH(9,HISTORICO!$AA$3:$AA$2002,0)),"") | G15: =IFERROR(INDEX(HISTORICO!$L$3:$L$2002,MATCH(9,HISTORICO!$AA$3:$AA$2002,0)),"") | H15: =IFERROR(INDEX(HISTORICO!$M$3:$M$2002,MATCH(9,HISTORICO!$AA$3:$AA$2002,0)),"") | I15: =IFERROR(INDEX(HISTORICO!$T$3:$T$2002,MATCH(9,HISTORICO!$AA$3:$AA$2002,0)),"")
B16: =IFERROR(INDEX(HISTORICO!$A$3:$A$2002,MATCH(10,HISTORICO!$AA$3:$AA$2002,0)),"") | C16: =IFERROR(INDEX(HISTORICO!$C$3:$C$2002,MATCH(10,HISTORICO!$AA$3:$AA$2002,0)),"") | D16: =IFERROR(INDEX(HISTORICO!$I$3:$I$2002,MATCH(10,HISTORICO!$AA$3:$AA$2002,0)),"") | E16: =IFERROR(INDEX(HISTORICO!$G$3:$G$2002,MATCH(10,HISTORICO!$AA$3:$AA$2002,0)),"") | F16: =IFERROR(INDEX(HISTORICO!$K$3:$K$2002,MATCH(10,HISTORICO!$AA$3:$AA$2002,0)),"") | G16: =IFERROR(INDEX(HISTORICO!$L$3:$L$2002,MATCH(10,HISTORICO!$AA$3:$AA$2002,0)),"") | H16: =IFERROR(INDEX(HISTORICO!$M$3:$M$2002,MATCH(10,HISTORICO!$AA$3:$AA$2002,0)),"") | I16: =IFERROR(INDEX(HISTORICO!$T$3:$T$2002,MATCH(10,HISTORICO!$AA$3:$AA$2002,0)),"")
B17: =IFERROR(INDEX(HISTORICO!$A$3:$A$2002,MATCH(11,HISTORICO!$AA$3:$AA$2002,0)),"") | C17: =IFERROR(INDEX(HISTORICO!$C$3:$C$2002,MATCH(11,HISTORICO!$AA$3:$AA$2002,0)),"") | D17: =IFERROR(INDEX(HISTORICO!$I$3:$I$2002,MATCH(11,HISTORICO!$AA$3:$AA$2002,0)),"") | E17: =IFERROR(INDEX(HISTORICO!$G$3:$G$2002,MATCH(11,HISTORICO!$AA$3:$AA$2002,0)),"") | F17: =IFERROR(INDEX(HISTORICO!$K$3:$K$2002,MATCH(11,HISTORICO!$AA$3:$AA$2002,0)),"") | G17: =IFERROR(INDEX(HISTORICO!$L$3:$L$2002,MATCH(11,HISTORICO!$AA$3:$AA$2002,0)),"") | H17: =IFERROR(INDEX(HISTORICO!$M$3:$M$2002,MATCH(11,HISTORICO!$AA$3:$AA$2002,0)),"") | I17: =IFERROR(INDEX(HISTORICO!$T$3:$T$2002,MATCH(11,HISTORICO!$AA$3:$AA$2002,0)),"")
B18: =IFERROR(INDEX(HISTORICO!$A$3:$A$2002,MATCH(12,HISTORICO!$AA$3:$AA$2002,0)),"") | C18: =IFERROR(INDEX(HISTORICO!$C$3:$C$2002,MATCH(12,HISTORICO!$AA$3:$AA$2002,0)),"") | D18: =IFERROR(INDEX(HISTORICO!$I$3:$I$2002,MATCH(12,HISTORICO!$AA$3:$AA$2002,0)),"") | E18: =IFERROR(INDEX(HISTORICO!$G$3:$G$2002,MATCH(12,HISTORICO!$AA$3:$AA$2002,0)),"") | F18: =IFERROR(INDEX(HISTORICO!$K$3:$K$2002,MATCH(12,HISTORICO!$AA$3:$AA$2002,0)),"") | G18: =IFERROR(INDEX(HISTORICO!$L$3:$L$2002,MATCH(12,HISTORICO!$AA$3:$AA$2002,0)),"") | H18: =IFERROR(INDEX(HISTORICO!$M$3:$M$2002,MATCH(12,HISTORICO!$AA$3:$AA$2002,0)),"") | I18: =IFERROR(INDEX(HISTORICO!$T$3:$T$2002,MATCH(12,HISTORICO!$AA$3:$AA$2002,0)),"")
B19: =IFERROR(INDEX(HISTORICO!$A$3:$A$2002,MATCH(13,HISTORICO!$AA$3:$AA$2002,0)),"") | C19: =IFERROR(INDEX(HISTORICO!$C$3:$C$2002,MATCH(13,HISTORICO!$AA$3:$AA$2002,0)),"") | D19: =IFERROR(INDEX(HISTORICO!$I$3:$I$2002,MATCH(13,HISTORICO!$AA$3:$AA$2002,0)),"") | E19: =IFERROR(INDEX(HISTORICO!$G$3:$G$2002,MATCH(13,HISTORICO!$AA$3:$AA$2002,0)),"") | F19: =IFERROR(INDEX(HISTORICO!$K$3:$K$2002,MATCH(13,HISTORICO!$AA$3:$AA$2002,0)),"") | G19: =IFERROR(INDEX(HISTORICO!$L$3:$L$2002,MATCH(13,HISTORICO!$AA$3:$AA$2002,0)),"") | H19: =IFERROR(INDEX(HISTORICO!$M$3:$M$2002,MATCH(13,HISTORICO!$AA$3:$AA$2002,0)),"") | I19: =IFERROR(INDEX(HISTORICO!$T$3:$T$2002,MATCH(13,HISTORICO!$AA$3:$AA$2002,0)),"")
B20: =IFERROR(INDEX(HISTORICO!$A$3:$A$2002,MATCH(14,HISTORICO!$AA$3:$AA$2002,0)),"") | C20: =IFERROR(INDEX(HISTORICO!$C$3:$C$2002,MATCH(14,HISTORICO!$AA$3:$AA$2002,0)),"") | D20: =IFERROR(INDEX(HISTORICO!$I$3:$I$2002,MATCH(14,HISTORICO!$AA$3:$AA$2002,0)),"") | E20: =IFERROR(INDEX(HISTORICO!$G$3:$G$2002,MATCH(14,HISTORICO!$AA$3:$AA$2002,0)),"") | F20: =IFERROR(INDEX(HISTORICO!$K$3:$K$2002,MATCH(14,HISTORICO!$AA$3:$AA$2002,0)),"") | G20: =IFERROR(INDEX(HISTORICO!$L$3:$L$2002,MATCH(14,HISTORICO!$AA$3:$AA$2002,0)),"") | H20: =IFERROR(INDEX(HISTORICO!$M$3:$M$2002,MATCH(14,HISTORICO!$AA$3:$AA$2002,0)),"") | I20: =IFERROR(INDEX(HISTORICO!$T$3:$T$2002,MATCH(14,HISTORICO!$AA$3:$AA$2002,0)),"")
B21: =IFERROR(INDEX(HISTORICO!$A$3:$A$2002,MATCH(15,HISTORICO!$AA$3:$AA$2002,0)),"") | C21: =IFERROR(INDEX(HISTORICO!$C$3:$C$2002,MATCH(15,HISTORICO!$AA$3:$AA$2002,0)),"") | D21: =IFERROR(INDEX(HISTORICO!$I$3:$I$2002,MATCH(15,HISTORICO!$AA$3:$AA$2002,0)),"") | E21: =IFERROR(INDEX(HISTORICO!$G$3:$G$2002,MATCH(15,HISTORICO!$AA$3:$AA$2002,0)),"") | F21: =IFERROR(INDEX(HISTORICO!$K$3:$K$2002,MATCH(15,HISTORICO!$AA$3:$AA$2002,0)),"") | G21: =IFERROR(INDEX(HISTORICO!$L$3:$L$2002,MATCH(15,HISTORICO!$AA$3:$AA$2002,0)),"") | H21: =IFERROR(INDEX(HISTORICO!$M$3:$M$2002,MATCH(15,HISTORICO!$AA$3:$AA$2002,0)),"") | I21: =IFERROR(INDEX(HISTORICO!$T$3:$T$2002,MATCH(15,HISTORICO!$AA$3:$AA$2002,0)),"")
B22: =IFERROR(INDEX(HISTORICO!$A$3:$A$2002,MATCH(16,HISTORICO!$AA$3:$AA$2002,0)),"") | C22: =IFERROR(INDEX(HISTORICO!$C$3:$C$2002,MATCH(16,HISTORICO!$AA$3:$AA$2002,0)),"") | D22: =IFERROR(INDEX(HISTORICO!$I$3:$I$2002,MATCH(16,HISTORICO!$AA$3:$AA$2002,0)),"") | E22: =IFERROR(INDEX(HISTORICO!$G$3:$G$2002,MATCH(16,HISTORICO!$AA$3:$AA$2002,0)),"") | F22: =IFERROR(INDEX(HISTORICO!$K$3:$K$2002,MATCH(16,HISTORICO!$AA$3:$AA$2002,0)),"") | G22: =IFERROR(INDEX(HISTORICO!$L$3:$L$2002,MATCH(16,HISTORICO!$AA$3:$AA$2002,0)),"") | H22: =IFERROR(INDEX(HISTORICO!$M$3:$M$2002,MATCH(16,HISTORICO!$AA$3:$AA$2002,0)),"") | I22: =IFERROR(INDEX(HISTORICO!$T$3:$T$2002,MATCH(16,HISTORICO!$AA$3:$AA$2002,0)),"")
B23: =IFERROR(INDEX(HISTORICO!$A$3:$A$2002,MATCH(17,HISTORICO!$AA$3:$AA$2002,0)),"") | C23: =IFERROR(INDEX(HISTORICO!$C$3:$C$2002,MATCH(17,HISTORICO!$AA$3:$AA$2002,0)),"") | D23: =IFERROR(INDEX(HISTORICO!$I$3:$I$2002,MATCH(17,HISTORICO!$AA$3:$AA$2002,0)),"") | E23: =IFERROR(INDEX(HISTORICO!$G$3:$G$2002,MATCH(17,HISTORICO!$AA$3:$AA$2002,0)),"") | F23: =IFERROR(INDEX(HISTORICO!$K$3:$K$2002,MATCH(17,HISTORICO!$AA$3:$AA$2002,0)),"") | G23: =IFERROR(INDEX(HISTORICO!$L$3:$L$2002,MATCH(17,HISTORICO!$AA$3:$AA$2002,0)),"") | H23: =IFERROR(INDEX(HISTORICO!$M$3:$M$2002,MATCH(17,HISTORICO!$AA$3:$AA$2002,0)),"") | I23: =IFERROR(INDEX(HISTORICO!$T$3:$T$2002,MATCH(17,HISTORICO!$AA$3:$AA$2002,0)),"")
B24: =IFERROR(INDEX(HISTORICO!$A$3:$A$2002,MATCH(18,HISTORICO!$AA$3:$AA$2002,0)),"") | C24: =IFERROR(INDEX(HISTORICO!$C$3:$C$2002,MATCH(18,HISTORICO!$AA$3:$AA$2002,0)),"") | D24: =IFERROR(INDEX(HISTORICO!$I$3:$I$2002,MATCH(18,HISTORICO!$AA$3:$AA$2002,0)),"") | E24: =IFERROR(INDEX(HISTORICO!$G$3:$G$2002,MATCH(18,HISTORICO!$AA$3:$AA$2002,0)),"") | F24: =IFERROR(INDEX(HISTORICO!$K$3:$K$2002,MATCH(18,HISTORICO!$AA$3:$AA$2002,0)),"") | G24: =IFERROR(INDEX(HISTORICO!$L$3:$L$2002,MATCH(18,HISTORICO!$AA$3:$AA$2002,0)),"") | H24: =IFERROR(INDEX(HISTORICO!$M$3:$M$2002,MATCH(18,HISTORICO!$AA$3:$AA$2002,0)),"") | I24: =IFERROR(INDEX(HISTORICO!$T$3:$T$2002,MATCH(18,HISTORICO!$AA$3:$AA$2002,0)),"")
B25: =IFERROR(INDEX(HISTORICO!$A$3:$A$2002,MATCH(19,HISTORICO!$AA$3:$AA$2002,0)),"") | C25: =IFERROR(INDEX(HISTORICO!$C$3:$C$2002,MATCH(19,HISTORICO!$AA$3:$AA$2002,0)),"") | D25: =IFERROR(INDEX(HISTORICO!$I$3:$I$2002,MATCH(19,HISTORICO!$AA$3:$AA$2002,0)),"") | E25: =IFERROR(INDEX(HISTORICO!$G$3:$G$2002,MATCH(19,HISTORICO!$AA$3:$AA$2002,0)),"") | F25: =IFERROR(INDEX(HISTORICO!$K$3:$K$2002,MATCH(19,HISTORICO!$AA$3:$AA$2002,0)),"") | G25: =IFERROR(INDEX(HISTORICO!$L$3:$L$2002,MATCH(19,HISTORICO!$AA$3:$AA$2002,0)),"") | H25: =IFERROR(INDEX(HISTORICO!$M$3:$M$2002,MATCH(19,HISTORICO!$AA$3:$AA$2002,0)),"") | I25: =IFERROR(INDEX(HISTORICO!$T$3:$T$2002,MATCH(19,HISTORICO!$AA$3:$AA$2002,0)),"")
B26: =IFERROR(INDEX(HISTORICO!$A$3:$A$2002,MATCH(20,HISTORICO!$AA$3:$AA$2002,0)),"") | C26: =IFERROR(INDEX(HISTORICO!$C$3:$C$2002,MATCH(20,HISTORICO!$AA$3:$AA$2002,0)),"") | D26: =IFERROR(INDEX(HISTORICO!$I$3:$I$2002,MATCH(20,HISTORICO!$AA$3:$AA$2002,0)),"") | E26: =IFERROR(INDEX(HISTORICO!$G$3:$G$2002,MATCH(20,HISTORICO!$AA$3:$AA$2002,0)),"") | F26: =IFERROR(INDEX(HISTORICO!$K$3:$K$2002,MATCH(20,HISTORICO!$AA$3:$AA$2002,0)),"") | G26: =IFERROR(INDEX(HISTORICO!$L$3:$L$2002,MATCH(20,HISTORICO!$AA$3:$AA$2002,0)),"") | H26: =IFERROR(INDEX(HISTORICO!$M$3:$M$2002,MATCH(20,HISTORICO!$AA$3:$AA$2002,0)),"") | I26: =IFERROR(INDEX(HISTORICO!$T$3:$T$2002,MATCH(20,HISTORICO!$AA$3:$AA$2002,0)),"")
B27: =IFERROR(INDEX(HISTORICO!$A$3:$A$2002,MATCH(21,HISTORICO!$AA$3:$AA$2002,0)),"") | C27: =IFERROR(INDEX(HISTORICO!$C$3:$C$2002,MATCH(21,HISTORICO!$AA$3:$AA$2002,0)),"") | D27: =IFERROR(INDEX(HISTORICO!$I$3:$I$2002,MATCH(21,HISTORICO!$AA$3:$AA$2002,0)),"") | E27: =IFERROR(INDEX(HISTORICO!$G$3:$G$2002,MATCH(21,HISTORICO!$AA$3:$AA$2002,0)),"") | F27: =IFERROR(INDEX(HISTORICO!$K$3:$K$2002,MATCH(21,HISTORICO!$AA$3:$AA$2002,0)),"") | G27: =IFERROR(INDEX(HISTORICO!$L$3:$L$2002,MATCH(21,HISTORICO!$AA$3:$AA$2002,0)),"") | H27: =IFERROR(INDEX(HISTORICO!$M$3:$M$2002,MATCH(21,HISTORICO!$AA$3:$AA$2002,0)),"") | I27: =IFERROR(INDEX(HISTORICO!$T$3:$T$2002,MATCH(21,HISTORICO!$AA$3:$AA$2002,0)),"")
B28: =IFERROR(INDEX(HISTORICO!$A$3:$A$2002,MATCH(22,HISTORICO!$AA$3:$AA$2002,0)),"") | C28: =IFERROR(INDEX(HISTORICO!$C$3:$C$2002,MATCH(22,HISTORICO!$AA$3:$AA$2002,0)),"") | D28: =IFERROR(INDEX(HISTORICO!$I$3:$I$2002,MATCH(22,HISTORICO!$AA$3:$AA$2002,0)),"") | E28: =IFERROR(INDEX(HISTORICO!$G$3:$G$2002,MATCH(22,HISTORICO!$AA$3:$AA$2002,0)),"") | F28: =IFERROR(INDEX(HISTORICO!$K$3:$K$2002,MATCH(22,HISTORICO!$AA$3:$AA$2002,0)),"") | G28: =IFERROR(INDEX(HISTORICO!$L$3:$L$2002,MATCH(22,HISTORICO!$AA$3:$AA$2002,0)),"") | H28: =IFERROR(INDEX(HISTORICO!$M$3:$M$2002,MATCH(22,HISTORICO!$AA$3:$AA$2002,0)),"") | I28: =IFERROR(INDEX(HISTORICO!$T$3:$T$2002,MATCH(22,HISTORICO!$AA$3:$AA$2002,0)),"")
B29: =IFERROR(INDEX(HISTORICO!$A$3:$A$2002,MATCH(23,HISTORICO!$AA$3:$AA$2002,0)),"") | C29: =IFERROR(INDEX(HISTORICO!$C$3:$C$2002,MATCH(23,HISTORICO!$AA$3:$AA$2002,0)),"") | D29: =IFERROR(INDEX(HISTORICO!$I$3:$I$2002,MATCH(23,HISTORICO!$AA$3:$AA$2002,0)),"") | E29: =IFERROR(INDEX(HISTORICO!$G$3:$G$2002,MATCH(23,HISTORICO!$AA$3:$AA$2002,0)),"") | F29: =IFERROR(INDEX(HISTORICO!$K$3:$K$2002,MATCH(23,HISTORICO!$AA$3:$AA$2002,0)),"") | G29: =IFERROR(INDEX(HISTORICO!$L$3:$L$2002,MATCH(23,HISTORICO!$AA$3:$AA$2002,0)),"") | H29: =IFERROR(INDEX(HISTORICO!$M$3:$M$2002,MATCH(23,HISTORICO!$AA$3:$AA$2002,0)),"") | I29: =IFERROR(INDEX(HISTORICO!$T$3:$T$2002,MATCH(23,HISTORICO!$AA$3:$AA$2002,0)),"")
B30: =IFERROR(INDEX(HISTORICO!$A$3:$A$2002,MATCH(24,HISTORICO!$AA$3:$AA$2002,0)),"") | C30: =IFERROR(INDEX(HISTORICO!$C$3:$C$2002,MATCH(24,HISTORICO!$AA$3:$AA$2002,0)),"") | D30: =IFERROR(INDEX(HISTORICO!$I$3:$I$2002,MATCH(24,HISTORICO!$AA$3:$AA$2002,0)),"") | E30: =IFERROR(INDEX(HISTORICO!$G$3:$G$2002,MATCH(24,HISTORICO!$AA$3:$AA$2002,0)),"") | F30: =IFERROR(INDEX(HISTORICO!$K$3:$K$2002,MATCH(24,HISTORICO!$AA$3:$AA$2002,0)),"") | G30: =IFERROR(INDEX(HISTORICO!$L$3:$L$2002,MATCH(24,HISTORICO!$AA$3:$AA$2002,0)),"") | H30: =IFERROR(INDEX(HISTORICO!$M$3:$M$2002,MATCH(24,HISTORICO!$AA$3:$AA$2002,0)),"") | I30: =IFERROR(INDEX(HISTORICO!$T$3:$T$2002,MATCH(24,HISTORICO!$AA$3:$AA$2002,0)),"")
B31: =IFERROR(INDEX(HISTORICO!$A$3:$A$2002,MATCH(25,HISTORICO!$AA$3:$AA$2002,0)),"") | C31: =IFERROR(INDEX(HISTORICO!$C$3:$C$2002,MATCH(25,HISTORICO!$AA$3:$AA$2002,0)),"") | D31: =IFERROR(INDEX(HISTORICO!$I$3:$I$2002,MATCH(25,HISTORICO!$AA$3:$AA$2002,0)),"") | E31: =IFERROR(INDEX(HISTORICO!$G$3:$G$2002,MATCH(25,HISTORICO!$AA$3:$AA$2002,0)),"") | F31: =IFERROR(INDEX(HISTORICO!$K$3:$K$2002,MATCH(25,HISTORICO!$AA$3:$AA$2002,0)),"") | G31: =IFERROR(INDEX(HISTORICO!$L$3:$L$2002,MATCH(25,HISTORICO!$AA$3:$AA$2002,0)),"") | H31: =IFERROR(INDEX(HISTORICO!$M$3:$M$2002,MATCH(25,HISTORICO!$AA$3:$AA$2002,0)),"") | I31: =IFERROR(INDEX(HISTORICO!$T$3:$T$2002,MATCH(25,HISTORICO!$AA$3:$AA$2002,0)),"")
B32: =IFERROR(INDEX(HISTORICO!$A$3:$A$2002,MATCH(26,HISTORICO!$AA$3:$AA$2002,0)),"") | C32: =IFERROR(INDEX(HISTORICO!$C$3:$C$2002,MATCH(26,HISTORICO!$AA$3:$AA$2002,0)),"") | D32: =IFERROR(INDEX(HISTORICO!$I$3:$I$2002,MATCH(26,HISTORICO!$AA$3:$AA$2002,0)),"") | E32: =IFERROR(INDEX(HISTORICO!$G$3:$G$2002,MATCH(26,HISTORICO!$AA$3:$AA$2002,0)),"") | F32: =IFERROR(INDEX(HISTORICO!$K$3:$K$2002,MATCH(26,HISTORICO!$AA$3:$AA$2002,0)),"") | G32: =IFERROR(INDEX(HISTORICO!$L$3:$L$2002,MATCH(26,HISTORICO!$AA$3:$AA$2002,0)),"") | H32: =IFERROR(INDEX(HISTORICO!$M$3:$M$2002,MATCH(26,HISTORICO!$AA$3:$AA$2002,0)),"") | I32: =IFERROR(INDEX(HISTORICO!$T$3:$T$2002,MATCH(26,HISTORICO!$AA$3:$AA$2002,0)),"")
B33: =IFERROR(INDEX(HISTORICO!$A$3:$A$2002,MATCH(27,HISTORICO!$AA$3:$AA$2002,0)),"") | C33: =IFERROR(INDEX(HISTORICO!$C$3:$C$2002,MATCH(27,HISTORICO!$AA$3:$AA$2002,0)),"") | D33: =IFERROR(INDEX(HISTORICO!$I$3:$I$2002,MATCH(27,HISTORICO!$AA$3:$AA$2002,0)),"") | E33: =IFERROR(INDEX(HISTORICO!$G$3:$G$2002,MATCH(27,HISTORICO!$AA$3:$AA$2002,0)),"") | F33: =IFERROR(INDEX(HISTORICO!$K$3:$K$2002,MATCH(27,HISTORICO!$AA$3:$AA$2002,0)),"") | G33: =IFERROR(INDEX(HISTORICO!$L$3:$L$2002,MATCH(27,HISTORICO!$AA$3:$AA$2002,0)),"") | H33: =IFERROR(INDEX(HISTORICO!$M$3:$M$2002,MATCH(27,HISTORICO!$AA$3:$AA$2002,0)),"") | I33: =IFERROR(INDEX(HISTORICO!$T$3:$T$2002,MATCH(27,HISTORICO!$AA$3:$AA$2002,0)),"")
B34: =IFERROR(INDEX(HISTORICO!$A$3:$A$2002,MATCH(28,HISTORICO!$AA$3:$AA$2002,0)),"") | C34: =IFERROR(INDEX(HISTORICO!$C$3:$C$2002,MATCH(28,HISTORICO!$AA$3:$AA$2002,0)),"") | D34: =IFERROR(INDEX(HISTORICO!$I$3:$I$2002,MATCH(28,HISTORICO!$AA$3:$AA$2002,0)),"") | E34: =IFERROR(INDEX(HISTORICO!$G$3:$G$2002,MATCH(28,HISTORICO!$AA$3:$AA$2002,0)),"") | F34: =IFERROR(INDEX(HISTORICO!$K$3:$K$2002,MATCH(28,HISTORICO!$AA$3:$AA$2002,0)),"") | G34: =IFERROR(INDEX(HISTORICO!$L$3:$L$2002,MATCH(28,HISTORICO!$AA$3:$AA$2002,0)),"") | H34: =IFERROR(INDEX(HISTORICO!$M$3:$M$2002,MATCH(28,HISTORICO!$AA$3:$AA$2002,0)),"") | I34: =IFERROR(INDEX(HISTORICO!$T$3:$T$2002,MATCH(28,HISTORICO!$AA$3:$AA$2002,0)),"")
B35: =IFERROR(INDEX(HISTORICO!$A$3:$A$2002,MATCH(29,HISTORICO!$AA$3:$AA$2002,0)),"") | C35: =IFERROR(INDEX(HISTORICO!$C$3:$C$2002,MATCH(29,HISTORICO!$AA$3:$AA$2002,0)),"") | D35: =IFERROR(INDEX(HISTORICO!$I$3:$I$2002,MATCH(29,HISTORICO!$AA$3:$AA$2002,0)),"") | E35: =IFERROR(INDEX(HISTORICO!$G$3:$G$2002,MATCH(29,HISTORICO!$AA$3:$AA$2002,0)),"") | F35: =IFERROR(INDEX(HISTORICO!$K$3:$K$2002,MATCH(29,HISTORICO!$AA$3:$AA$2002,0)),"") | G35: =IFERROR(INDEX(HISTORICO!$L$3:$L$2002,MATCH(29,HISTORICO!$AA$3:$AA$2002,0)),"") | H35: =IFERROR(INDEX(HISTORICO!$M$3:$M$2002,MATCH(29,HISTORICO!$AA$3:$AA$2002,0)),"") | I35: =IFERROR(INDEX(HISTORICO!$T$3:$T$2002,MATCH(29,HISTORICO!$AA$3:$AA$2002,0)),"")
B36: =IFERROR(INDEX(HISTORICO!$A$3:$A$2002,MATCH(30,HISTORICO!$AA$3:$AA$2002,0)),"") | C36: =IFERROR(INDEX(HISTORICO!$C$3:$C$2002,MATCH(30,HISTORICO!$AA$3:$AA$2002,0)),"") | D36: =IFERROR(INDEX(HISTORICO!$I$3:$I$2002,MATCH(30,HISTORICO!$AA$3:$AA$2002,0)),"") | E36: =IFERROR(INDEX(HISTORICO!$G$3:$G$2002,MATCH(30,HISTORICO!$AA$3:$AA$2002,0)),"") | F36: =IFERROR(INDEX(HISTORICO!$K$3:$K$2002,MATCH(30,HISTORICO!$AA$3:$AA$2002,0)),"") | G36: =IFERROR(INDEX(HISTORICO!$L$3:$L$2002,MATCH(30,HISTORICO!$AA$3:$AA$2002,0)),"") | H36: =IFERROR(INDEX(HISTORICO!$M$3:$M$2002,MATCH(30,HISTORICO!$AA$3:$AA$2002,0)),"") | I36: =IFERROR(INDEX(HISTORICO!$T$3:$T$2002,MATCH(30,HISTORICO!$AA$3:$AA$2002,0)),"")
B37: =IFERROR(INDEX(HISTORICO!$A$3:$A$2002,MATCH(31,HISTORICO!$AA$3:$AA$2002,0)),"") | C37: =IFERROR(INDEX(HISTORICO!$C$3:$C$2002,MATCH(31,HISTORICO!$AA$3:$AA$2002,0)),"") | D37: =IFERROR(INDEX(HISTORICO!$I$3:$I$2002,MATCH(31,HISTORICO!$AA$3:$AA$2002,0)),"") | E37: =IFERROR(INDEX(HISTORICO!$G$3:$G$2002,MATCH(31,HISTORICO!$AA$3:$AA$2002,0)),"") | F37: =IFERROR(INDEX(HISTORICO!$K$3:$K$2002,MATCH(31,HISTORICO!$AA$3:$AA$2002,0)),"") | G37: =IFERROR(INDEX(HISTORICO!$L$3:$L$2002,MATCH(31,HISTORICO!$AA$3:$AA$2002,0)),"") | H37: =IFERROR(INDEX(HISTORICO!$M$3:$M$2002,MATCH(31,HISTORICO!$AA$3:$AA$2002,0)),"") | I37: =IFERROR(INDEX(HISTORICO!$T$3:$T$2002,MATCH(31,HISTORICO!$AA$3:$AA$2002,0)),"")
B38: =IFERROR(INDEX(HISTORICO!$A$3:$A$2002,MATCH(32,HISTORICO!$AA$3:$AA$2002,0)),"") | C38: =IFERROR(INDEX(HISTORICO!$C$3:$C$2002,MATCH(32,HISTORICO!$AA$3:$AA$2002,0)),"") | D38: =IFERROR(INDEX(HISTORICO!$I$3:$I$2002,MATCH(32,HISTORICO!$AA$3:$AA$2002,0)),"") | E38: =IFERROR(INDEX(HISTORICO!$G$3:$G$2002,MATCH(32,HISTORICO!$AA$3:$AA$2002,0)),"") | F38: =IFERROR(INDEX(HISTORICO!$K$3:$K$2002,MATCH(32,HISTORICO!$AA$3:$AA$2002,0)),"") | G38: =IFERROR(INDEX(HISTORICO!$L$3:$L$2002,MATCH(32,HISTORICO!$AA$3:$AA$2002,0)),"") | H38: =IFERROR(INDEX(HISTORICO!$M$3:$M$2002,MATCH(32,HISTORICO!$AA$3:$AA$2002,0)),"") | I38: =IFERROR(INDEX(HISTORICO!$T$3:$T$2002,MATCH(32,HISTORICO!$AA$3:$AA$2002,0)),"")
B39: =IFERROR(INDEX(HISTORICO!$A$3:$A$2002,MATCH(33,HISTORICO!$AA$3:$AA$2002,0)),"") | C39: =IFERROR(INDEX(HISTORICO!$C$3:$C$2002,MATCH(33,HISTORICO!$AA$3:$AA$2002,0)),"") | D39: =IFERROR(INDEX(HISTORICO!$I$3:$I$2002,MATCH(33,HISTORICO!$AA$3:$AA$2002,0)),"") | E39: =IFERROR(INDEX(HISTORICO!$G$3:$G$2002,MATCH(33,HISTORICO!$AA$3:$AA$2002,0)),"") | F39: =IFERROR(INDEX(HISTORICO!$K$3:$K$2002,MATCH(33,HISTORICO!$AA$3:$AA$2002,0)),"") | G39: =IFERROR(INDEX(HISTORICO!$L$3:$L$2002,MATCH(33,HISTORICO!$AA$3:$AA$2002,0)),"") | H39: =IFERROR(INDEX(HISTORICO!$M$3:$M$2002,MATCH(33,HISTORICO!$AA$3:$AA$2002,0)),"") | I39: =IFERROR(INDEX(HISTORICO!$T$3:$T$2002,MATCH(33,HISTORICO!$AA$3:$AA$2002,0)),"")
B40: =IFERROR(INDEX(HISTORICO!$A$3:$A$2002,MATCH(34,HISTORICO!$AA$3:$AA$2002,0)),"") | C40: =IFERROR(INDEX(HISTORICO!$C$3:$C$2002,MATCH(34,HISTORICO!$AA$3:$AA$2002,0)),"") | D40: =IFERROR(INDEX(HISTORICO!$I$3:$I$2002,MATCH(34,HISTORICO!$AA$3:$AA$2002,0)),"") | E40: =IFERROR(INDEX(HISTORICO!$G$3:$G$2002,MATCH(34,HISTORICO!$AA$3:$AA$2002,0)),"") | F40: =IFERROR(INDEX(HISTORICO!$K$3:$K$2002,MATCH(34,HISTORICO!$AA$3:$AA$2002,0)),"") | G40: =IFERROR(INDEX(HISTORICO!$L$3:$L$2002,MATCH(34,HISTORICO!$AA$3:$AA$2002,0)),"") | H40: =IFERROR(INDEX(HISTORICO!$M$3:$M$2002,MATCH(34,HISTORICO!$AA$3:$AA$2002,0)),"") | I40: =IFERROR(INDEX(HISTORICO!$T$3:$T$2002,MATCH(34,HISTORICO!$AA$3:$AA$2002,0)),"")
B41: =IFERROR(INDEX(HISTORICO!$A$3:$A$2002,MATCH(35,HISTORICO!$AA$3:$AA$2002,0)),"") | C41: =IFERROR(INDEX(HISTORICO!$C$3:$C$2002,MATCH(35,HISTORICO!$AA$3:$AA$2002,0)),"") | D41: =IFERROR(INDEX(HISTORICO!$I$3:$I$2002,MATCH(35,HISTORICO!$AA$3:$AA$2002,0)),"") | E41: =IFERROR(INDEX(HISTORICO!$G$3:$G$2002,MATCH(35,HISTORICO!$AA$3:$AA$2002,0)),"") | F41: =IFERROR(INDEX(HISTORICO!$K$3:$K$2002,MATCH(35,HISTORICO!$AA$3:$AA$2002,0)),"") | G41: =IFERROR(INDEX(HISTORICO!$L$3:$L$2002,MATCH(35,HISTORICO!$AA$3:$AA$2002,0)),"") | H41: =IFERROR(INDEX(HISTORICO!$M$3:$M$2002,MATCH(35,HISTORICO!$AA$3:$AA$2002,0)),"") | I41: =IFERROR(INDEX(HISTORICO!$T$3:$T$2002,MATCH(35,HISTORICO!$AA$3:$AA$2002,0)),"")
B42: =IFERROR(INDEX(HISTORICO!$A$3:$A$2002,MATCH(36,HISTORICO!$AA$3:$AA$2002,0)),"") | C42: =IFERROR(INDEX(HISTORICO!$C$3:$C$2002,MATCH(36,HISTORICO!$AA$3:$AA$2002,0)),"") | D42: =IFERROR(INDEX(HISTORICO!$I$3:$I$2002,MATCH(36,HISTORICO!$AA$3:$AA$2002,0)),"") | E42: =IFERROR(INDEX(HISTORICO!$G$3:$G$2002,MATCH(36,HISTORICO!$AA$3:$AA$2002,0)),"") | F42: =IFERROR(INDEX(HISTORICO!$K$3:$K$2002,MATCH(36,HISTORICO!$AA$3:$AA$2002,0)),"") | G42: =IFERROR(INDEX(HISTORICO!$L$3:$L$2002,MATCH(36,HISTORICO!$AA$3:$AA$2002,0)),"") | H42: =IFERROR(INDEX(HISTORICO!$M$3:$M$2002,MATCH(36,HISTORICO!$AA$3:$AA$2002,0)),"") | I42: =IFERROR(INDEX(HISTORICO!$T$3:$T$2002,MATCH(36,HISTORICO!$AA$3:$AA$2002,0)),"")
B43: =IFERROR(INDEX(HISTORICO!$A$3:$A$2002,MATCH(37,HISTORICO!$AA$3:$AA$2002,0)),"") | C43: =IFERROR(INDEX(HISTORICO!$C$3:$C$2002,MATCH(37,HISTORICO!$AA$3:$AA$2002,0)),"") | D43: =IFERROR(INDEX(HISTORICO!$I$3:$I$2002,MATCH(37,HISTORICO!$AA$3:$AA$2002,0)),"") | E43: =IFERROR(INDEX(HISTORICO!$G$3:$G$2002,MATCH(37,HISTORICO!$AA$3:$AA$2002,0)),"") | F43: =IFERROR(INDEX(HISTORICO!$K$3:$K$2002,MATCH(37,HISTORICO!$AA$3:$AA$2002,0)),"") | G43: =IFERROR(INDEX(HISTORICO!$L$3:$L$2002,MATCH(37,HISTORICO!$AA$3:$AA$2002,0)),"") | H43: =IFERROR(INDEX(HISTORICO!$M$3:$M$2002,MATCH(37,HISTORICO!$AA$3:$AA$2002,0)),"") | I43: =IFERROR(INDEX(HISTORICO!$T$3:$T$2002,MATCH(37,HISTORICO!$AA$3:$AA$2002,0)),"")
B44: =IFERROR(INDEX(HISTORICO!$A$3:$A$2002,MATCH(38,HISTORICO!$AA$3:$AA$2002,0)),"") | C44: =IFERROR(INDEX(HISTORICO!$C$3:$C$2002,MATCH(38,HISTORICO!$AA$3:$AA$2002,0)),"") | D44: =IFERROR(INDEX(HISTORICO!$I$3:$I$2002,MATCH(38,HISTORICO!$AA$3:$AA$2002,0)),"") | E44: =IFERROR(INDEX(HISTORICO!$G$3:$G$2002,MATCH(38,HISTORICO!$AA$3:$AA$2002,0)),"") | F44: =IFERROR(INDEX(HISTORICO!$K$3:$K$2002,MATCH(38,HISTORICO!$AA$3:$AA$2002,0)),"") | G44: =IFERROR(INDEX(HISTORICO!$L$3:$L$2002,MATCH(38,HISTORICO!$AA$3:$AA$2002,0)),"") | H44: =IFERROR(INDEX(HISTORICO!$M$3:$M$2002,MATCH(38,HISTORICO!$AA$3:$AA$2002,0)),"") | I44: =IFERROR(INDEX(HISTORICO!$T$3:$T$2002,MATCH(38,HISTORICO!$AA$3:$AA$2002,0)),"")
B45: =IFERROR(INDEX(HISTORICO!$A$3:$A$2002,MATCH(39,HISTORICO!$AA$3:$AA$2002,0)),"") | C45: =IFERROR(INDEX(HISTORICO!$C$3:$C$2002,MATCH(39,HISTORICO!$AA$3:$AA$2002,0)),"") | D45: =IFERROR(INDEX(HISTORICO!$I$3:$I$2002,MATCH(39,HISTORICO!$AA$3:$AA$2002,0)),"") | E45: =IFERROR(INDEX(HISTORICO!$G$3:$G$2002,MATCH(39,HISTORICO!$AA$3:$AA$2002,0)),"") | F45: =IFERROR(INDEX(HISTORICO!$K$3:$K$2002,MATCH(39,HISTORICO!$AA$3:$AA$2002,0)),"") | G45: =IFERROR(INDEX(HISTORICO!$L$3:$L$2002,MATCH(39,HISTORICO!$AA$3:$AA$2002,0)),"") | H45: =IFERROR(INDEX(HISTORICO!$M$3:$M$2002,MATCH(39,HISTORICO!$AA$3:$AA$2002,0)),"") | I45: =IFERROR(INDEX(HISTORICO!$T$3:$T$2002,MATCH(39,HISTORICO!$AA$3:$AA$2002,0)),"")
B46: =IFERROR(INDEX(HISTORICO!$A$3:$A$2002,MATCH(40,HISTORICO!$AA$3:$AA$2002,0)),"") | C46: =IFERROR(INDEX(HISTORICO!$C$3:$C$2002,MATCH(40,HISTORICO!$AA$3:$AA$2002,0)),"") | D46: =IFERROR(INDEX(HISTORICO!$I$3:$I$2002,MATCH(40,HISTORICO!$AA$3:$AA$2002,0)),"") | E46: =IFERROR(INDEX(HISTORICO!$G$3:$G$2002,MATCH(40,HISTORICO!$AA$3:$AA$2002,0)),"") | F46: =IFERROR(INDEX(HISTORICO!$K$3:$K$2002,MATCH(40,HISTORICO!$AA$3:$AA$2002,0)),"") | G46: =IFERROR(INDEX(HISTORICO!$L$3:$L$2002,MATCH(40,HISTORICO!$AA$3:$AA$2002,0)),"") | H46: =IFERROR(INDEX(HISTORICO!$M$3:$M$2002,MATCH(40,HISTORICO!$AA$3:$AA$2002,0)),"") | I46: =IFERROR(INDEX(HISTORICO!$T$3:$T$2002,MATCH(40,HISTORICO!$AA$3:$AA$2002,0)),"")
B49: PESQUISAR POR ITEM
B50: Digite o ITEM:
B52: LINHA: | C52: =IFERROR(INDEX(CONFIGURACOES!$G$37:$G$300,MATCH($C$50,CONFIGURACOES!$B$37:$B$300,0)),"")
B53: ATIVIDADE: | C53: =IFERROR(INDEX(CONFIGURACOES!$H$37:$H$300,MATCH($C$50,CONFIGURACOES!$B$37:$B$300,0)),"")
B54: UND.: | C54: =IFERROR(INDEX(CONFIGURACOES!$I$37:$I$300,MATCH($C$50,CONFIGURACOES!$B$37:$B$300,0)),"")
B55: PRECO UNITARIO: | C55: =IFERROR(INDEX(CONFIGURACOES!$J$37:$J$300,MATCH($C$50,CONFIGURACOES!$B$37:$B$300,0)),"")
B57: MEDICOES RELACIONADAS A ESTE ITEM:
B58: NOTA | C58: MEDICAO | D58: DATA | E58: DESCRICAO | F58: QUANTIDADE | G58: RESULTADO | H58: VALOR TOTAL
B59: =IFERROR(INDEX(HISTORICO!$A$3:$A$2002,MATCH(1,HISTORICO!$AC$3:$AC$2002,0)),"") | C59: =IFERROR(INDEX(HISTORICO!$C$3:$C$2002,MATCH(1,HISTORICO!$AC$3:$AC$2002,0)),"") | D59: =IFERROR(INDEX(HISTORICO!$U$3:$U$2002,MATCH(1,HISTORICO!$AC$3:$AC$2002,0)),"") | E59: =IFERROR(INDEX(HISTORICO!$L$3:$L$2002,MATCH(1,HISTORICO!$AC$3:$AC$2002,0)),"") | F59: =IFERROR(INDEX(HISTORICO!$N$3:$N$2002,MATCH(1,HISTORICO!$AC$3:$AC$2002,0)),"") | G59: =IFERROR(INDEX(HISTORICO!$R$3:$R$2002,MATCH(1,HISTORICO!$AC$3:$AC$2002,0)),"") | H59: =IFERROR(INDEX(HISTORICO!$T$3:$T$2002,MATCH(1,HISTORICO!$AC$3:$AC$2002,0)),"")
B60: =IFERROR(INDEX(HISTORICO!$A$3:$A$2002,MATCH(2,HISTORICO!$AC$3:$AC$2002,0)),"") | C60: =IFERROR(INDEX(HISTORICO!$C$3:$C$2002,MATCH(2,HISTORICO!$AC$3:$AC$2002,0)),"") | D60: =IFERROR(INDEX(HISTORICO!$U$3:$U$2002,MATCH(2,HISTORICO!$AC$3:$AC$2002,0)),"") | E60: =IFERROR(INDEX(HISTORICO!$L$3:$L$2002,MATCH(2,HISTORICO!$AC$3:$AC$2002,0)),"") | F60: =IFERROR(INDEX(HISTORICO!$N$3:$N$2002,MATCH(2,HISTORICO!$AC$3:$AC$2002,0)),"") | G60: =IFERROR(INDEX(HISTORICO!$R$3:$R$2002,MATCH(2,HISTORICO!$AC$3:$AC$2002,0)),"") | H60: =IFERROR(INDEX(HISTORICO!$T$3:$T$2002,MATCH(2,HISTORICO!$AC$3:$AC$2002,0)),"")
B61: =IFERROR(INDEX(HISTORICO!$A$3:$A$2002,MATCH(3,HISTORICO!$AC$3:$AC$2002,0)),"") | C61: =IFERROR(INDEX(HISTORICO!$C$3:$C$2002,MATCH(3,HISTORICO!$AC$3:$AC$2002,0)),"") | D61: =IFERROR(INDEX(HISTORICO!$U$3:$U$2002,MATCH(3,HISTORICO!$AC$3:$AC$2002,0)),"") | E61: =IFERROR(INDEX(HISTORICO!$L$3:$L$2002,MATCH(3,HISTORICO!$AC$3:$AC$2002,0)),"") | F61: =IFERROR(INDEX(HISTORICO!$N$3:$N$2002,MATCH(3,HISTORICO!$AC$3:$AC$2002,0)),"") | G61: =IFERROR(INDEX(HISTORICO!$R$3:$R$2002,MATCH(3,HISTORICO!$AC$3:$AC$2002,0)),"") | H61: =IFERROR(INDEX(HISTORICO!$T$3:$T$2002,MATCH(3,HISTORICO!$AC$3:$AC$2002,0)),"")
B62: =IFERROR(INDEX(HISTORICO!$A$3:$A$2002,MATCH(4,HISTORICO!$AC$3:$AC$2002,0)),"") | C62: =IFERROR(INDEX(HISTORICO!$C$3:$C$2002,MATCH(4,HISTORICO!$AC$3:$AC$2002,0)),"") | D62: =IFERROR(INDEX(HISTORICO!$U$3:$U$2002,MATCH(4,HISTORICO!$AC$3:$AC$2002,0)),"") | E62: =IFERROR(INDEX(HISTORICO!$L$3:$L$2002,MATCH(4,HISTORICO!$AC$3:$AC$2002,0)),"") | F62: =IFERROR(INDEX(HISTORICO!$N$3:$N$2002,MATCH(4,HISTORICO!$AC$3:$AC$2002,0)),"") | G62: =IFERROR(INDEX(HISTORICO!$R$3:$R$2002,MATCH(4,HISTORICO!$AC$3:$AC$2002,0)),"") | H62: =IFERROR(INDEX(HISTORICO!$T$3:$T$2002,MATCH(4,HISTORICO!$AC$3:$AC$2002,0)),"")
B63: =IFERROR(INDEX(HISTORICO!$A$3:$A$2002,MATCH(5,HISTORICO!$AC$3:$AC$2002,0)),"") | C63: =IFERROR(INDEX(HISTORICO!$C$3:$C$2002,MATCH(5,HISTORICO!$AC$3:$AC$2002,0)),"") | D63: =IFERROR(INDEX(HISTORICO!$U$3:$U$2002,MATCH(5,HISTORICO!$AC$3:$AC$2002,0)),"") | E63: =IFERROR(INDEX(HISTORICO!$L$3:$L$2002,MATCH(5,HISTORICO!$AC$3:$AC$2002,0)),"") | F63: =IFERROR(INDEX(HISTORICO!$N$3:$N$2002,MATCH(5,HISTORICO!$AC$3:$AC$2002,0)),"") | G63: =IFERROR(INDEX(HISTORICO!$R$3:$R$2002,MATCH(5,HISTORICO!$AC$3:$AC$2002,0)),"") | H63: =IFERROR(INDEX(HISTORICO!$T$3:$T$2002,MATCH(5,HISTORICO!$AC$3:$AC$2002,0)),"")
B64: =IFERROR(INDEX(HISTORICO!$A$3:$A$2002,MATCH(6,HISTORICO!$AC$3:$AC$2002,0)),"") | C64: =IFERROR(INDEX(HISTORICO!$C$3:$C$2002,MATCH(6,HISTORICO!$AC$3:$AC$2002,0)),"") | D64: =IFERROR(INDEX(HISTORICO!$U$3:$U$2002,MATCH(6,HISTORICO!$AC$3:$AC$2002,0)),"") | E64: =IFERROR(INDEX(HISTORICO!$L$3:$L$2002,MATCH(6,HISTORICO!$AC$3:$AC$2002,0)),"") | F64: =IFERROR(INDEX(HISTORICO!$N$3:$N$2002,MATCH(6,HISTORICO!$AC$3:$AC$2002,0)),"") | G64: =IFERROR(INDEX(HISTORICO!$R$3:$R$2002,MATCH(6,HISTORICO!$AC$3:$AC$2002,0)),"") | H64: =IFERROR(INDEX(HISTORICO!$T$3:$T$2002,MATCH(6,HISTORICO!$AC$3:$AC$2002,0)),"")
B65: =IFERROR(INDEX(HISTORICO!$A$3:$A$2002,MATCH(7,HISTORICO!$AC$3:$AC$2002,0)),"") | C65: =IFERROR(INDEX(HISTORICO!$C$3:$C$2002,MATCH(7,HISTORICO!$AC$3:$AC$2002,0)),"") | D65: =IFERROR(INDEX(HISTORICO!$U$3:$U$2002,MATCH(7,HISTORICO!$AC$3:$AC$2002,0)),"") | E65: =IFERROR(INDEX(HISTORICO!$L$3:$L$2002,MATCH(7,HISTORICO!$AC$3:$AC$2002,0)),"") | F65: =IFERROR(INDEX(HISTORICO!$N$3:$N$2002,MATCH(7,HISTORICO!$AC$3:$AC$2002,0)),"") | G65: =IFERROR(INDEX(HISTORICO!$R$3:$R$2002,MATCH(7,HISTORICO!$AC$3:$AC$2002,0)),"") | H65: =IFERROR(INDEX(HISTORICO!$T$3:$T$2002,MATCH(7,HISTORICO!$AC$3:$AC$2002,0)),"")
B66: =IFERROR(INDEX(HISTORICO!$A$3:$A$2002,MATCH(8,HISTORICO!$AC$3:$AC$2002,0)),"") | C66: =IFERROR(INDEX(HISTORICO!$C$3:$C$2002,MATCH(8,HISTORICO!$AC$3:$AC$2002,0)),"") | D66: =IFERROR(INDEX(HISTORICO!$U$3:$U$2002,MATCH(8,HISTORICO!$AC$3:$AC$2002,0)),"") | E66: =IFERROR(INDEX(HISTORICO!$L$3:$L$2002,MATCH(8,HISTORICO!$AC$3:$AC$2002,0)),"") | F66: =IFERROR(INDEX(HISTORICO!$N$3:$N$2002,MATCH(8,HISTORICO!$AC$3:$AC$2002,0)),"") | G66: =IFERROR(INDEX(HISTORICO!$R$3:$R$2002,MATCH(8,HISTORICO!$AC$3:$AC$2002,0)),"") | H66: =IFERROR(INDEX(HISTORICO!$T$3:$T$2002,MATCH(8,HISTORICO!$AC$3:$AC$2002,0)),"")
B67: =IFERROR(INDEX(HISTORICO!$A$3:$A$2002,MATCH(9,HISTORICO!$AC$3:$AC$2002,0)),"") | C67: =IFERROR(INDEX(HISTORICO!$C$3:$C$2002,MATCH(9,HISTORICO!$AC$3:$AC$2002,0)),"") | D67: =IFERROR(INDEX(HISTORICO!$U$3:$U$2002,MATCH(9,HISTORICO!$AC$3:$AC$2002,0)),"") | E67: =IFERROR(INDEX(HISTORICO!$L$3:$L$2002,MATCH(9,HISTORICO!$AC$3:$AC$2002,0)),"") | F67: =IFERROR(INDEX(HISTORICO!$N$3:$N$2002,MATCH(9,HISTORICO!$AC$3:$AC$2002,0)),"") | G67: =IFERROR(INDEX(HISTORICO!$R$3:$R$2002,MATCH(9,HISTORICO!$AC$3:$AC$2002,0)),"") | H67: =IFERROR(INDEX(HISTORICO!$T$3:$T$2002,MATCH(9,HISTORICO!$AC$3:$AC$2002,0)),"")
B68: =IFERROR(INDEX(HISTORICO!$A$3:$A$2002,MATCH(10,HISTORICO!$AC$3:$AC$2002,0)),"") | C68: =IFERROR(INDEX(HISTORICO!$C$3:$C$2002,MATCH(10,HISTORICO!$AC$3:$AC$2002,0)),"") | D68: =IFERROR(INDEX(HISTORICO!$U$3:$U$2002,MATCH(10,HISTORICO!$AC$3:$AC$2002,0)),"") | E68: =IFERROR(INDEX(HISTORICO!$L$3:$L$2002,MATCH(10,HISTORICO!$AC$3:$AC$2002,0)),"") | F68: =IFERROR(INDEX(HISTORICO!$N$3:$N$2002,MATCH(10,HISTORICO!$AC$3:$AC$2002,0)),"") | G68: =IFERROR(INDEX(HISTORICO!$R$3:$R$2002,MATCH(10,HISTORICO!$AC$3:$AC$2002,0)),"") | H68: =IFERROR(INDEX(HISTORICO!$T$3:$T$2002,MATCH(10,HISTORICO!$AC$3:$AC$2002,0)),"")
B69: =IFERROR(INDEX(HISTORICO!$A$3:$A$2002,MATCH(11,HISTORICO!$AC$3:$AC$2002,0)),"") | C69: =IFERROR(INDEX(HISTORICO!$C$3:$C$2002,MATCH(11,HISTORICO!$AC$3:$AC$2002,0)),"") | D69: =IFERROR(INDEX(HISTORICO!$U$3:$U$2002,MATCH(11,HISTORICO!$AC$3:$AC$2002,0)),"") | E69: =IFERROR(INDEX(HISTORICO!$L$3:$L$2002,MATCH(11,HISTORICO!$AC$3:$AC$2002,0)),"") | F69: =IFERROR(INDEX(HISTORICO!$N$3:$N$2002,MATCH(11,HISTORICO!$AC$3:$AC$2002,0)),"") | G69: =IFERROR(INDEX(HISTORICO!$R$3:$R$2002,MATCH(11,HISTORICO!$AC$3:$AC$2002,0)),"") | H69: =IFERROR(INDEX(HISTORICO!$T$3:$T$2002,MATCH(11,HISTORICO!$AC$3:$AC$2002,0)),"")
B70: =IFERROR(INDEX(HISTORICO!$A$3:$A$2002,MATCH(12,HISTORICO!$AC$3:$AC$2002,0)),"") | C70: =IFERROR(INDEX(HISTORICO!$C$3:$C$2002,MATCH(12,HISTORICO!$AC$3:$AC$2002,0)),"") | D70: =IFERROR(INDEX(HISTORICO!$U$3:$U$2002,MATCH(12,HISTORICO!$AC$3:$AC$2002,0)),"") | E70: =IFERROR(INDEX(HISTORICO!$L$3:$L$2002,MATCH(12,HISTORICO!$AC$3:$AC$2002,0)),"") | F70: =IFERROR(INDEX(HISTORICO!$N$3:$N$2002,MATCH(12,HISTORICO!$AC$3:$AC$2002,0)),"") | G70: =IFERROR(INDEX(HISTORICO!$R$3:$R$2002,MATCH(12,HISTORICO!$AC$3:$AC$2002,0)),"") | H70: =IFERROR(INDEX(HISTORICO!$T$3:$T$2002,MATCH(12,HISTORICO!$AC$3:$AC$2002,0)),"")
B71: =IFERROR(INDEX(HISTORICO!$A$3:$A$2002,MATCH(13,HISTORICO!$AC$3:$AC$2002,0)),"") | C71: =IFERROR(INDEX(HISTORICO!$C$3:$C$2002,MATCH(13,HISTORICO!$AC$3:$AC$2002,0)),"") | D71: =IFERROR(INDEX(HISTORICO!$U$3:$U$2002,MATCH(13,HISTORICO!$AC$3:$AC$2002,0)),"") | E71: =IFERROR(INDEX(HISTORICO!$L$3:$L$2002,MATCH(13,HISTORICO!$AC$3:$AC$2002,0)),"") | F71: =IFERROR(INDEX(HISTORICO!$N$3:$N$2002,MATCH(13,HISTORICO!$AC$3:$AC$2002,0)),"") | G71: =IFERROR(INDEX(HISTORICO!$R$3:$R$2002,MATCH(13,HISTORICO!$AC$3:$AC$2002,0)),"") | H71: =IFERROR(INDEX(HISTORICO!$T$3:$T$2002,MATCH(13,HISTORICO!$AC$3:$AC$2002,0)),"")
B72: =IFERROR(INDEX(HISTORICO!$A$3:$A$2002,MATCH(14,HISTORICO!$AC$3:$AC$2002,0)),"") | C72: =IFERROR(INDEX(HISTORICO!$C$3:$C$2002,MATCH(14,HISTORICO!$AC$3:$AC$2002,0)),"") | D72: =IFERROR(INDEX(HISTORICO!$U$3:$U$2002,MATCH(14,HISTORICO!$AC$3:$AC$2002,0)),"") | E72: =IFERROR(INDEX(HISTORICO!$L$3:$L$2002,MATCH(14,HISTORICO!$AC$3:$AC$2002,0)),"") | F72: =IFERROR(INDEX(HISTORICO!$N$3:$N$2002,MATCH(14,HISTORICO!$AC$3:$AC$2002,0)),"") | G72: =IFERROR(INDEX(HISTORICO!$R$3:$R$2002,MATCH(14,HISTORICO!$AC$3:$AC$2002,0)),"") | H72: =IFERROR(INDEX(HISTORICO!$T$3:$T$2002,MATCH(14,HISTORICO!$AC$3:$AC$2002,0)),"")
B73: =IFERROR(INDEX(HISTORICO!$A$3:$A$2002,MATCH(15,HISTORICO!$AC$3:$AC$2002,0)),"") | C73: =IFERROR(INDEX(HISTORICO!$C$3:$C$2002,MATCH(15,HISTORICO!$AC$3:$AC$2002,0)),"") | D73: =IFERROR(INDEX(HISTORICO!$U$3:$U$2002,MATCH(15,HISTORICO!$AC$3:$AC$2002,0)),"") | E73: =IFERROR(INDEX(HISTORICO!$L$3:$L$2002,MATCH(15,HISTORICO!$AC$3:$AC$2002,0)),"") | F73: =IFERROR(INDEX(HISTORICO!$N$3:$N$2002,MATCH(15,HISTORICO!$AC$3:$AC$2002,0)),"") | G73: =IFERROR(INDEX(HISTORICO!$R$3:$R$2002,MATCH(15,HISTORICO!$AC$3:$AC$2002,0)),"") | H73: =IFERROR(INDEX(HISTORICO!$T$3:$T$2002,MATCH(15,HISTORICO!$AC$3:$AC$2002,0)),"")
B74: =IFERROR(INDEX(HISTORICO!$A$3:$A$2002,MATCH(16,HISTORICO!$AC$3:$AC$2002,0)),"") | C74: =IFERROR(INDEX(HISTORICO!$C$3:$C$2002,MATCH(16,HISTORICO!$AC$3:$AC$2002,0)),"") | D74: =IFERROR(INDEX(HISTORICO!$U$3:$U$2002,MATCH(16,HISTORICO!$AC$3:$AC$2002,0)),"") | E74: =IFERROR(INDEX(HISTORICO!$L$3:$L$2002,MATCH(16,HISTORICO!$AC$3:$AC$2002,0)),"") | F74: =IFERROR(INDEX(HISTORICO!$N$3:$N$2002,MATCH(16,HISTORICO!$AC$3:$AC$2002,0)),"") | G74: =IFERROR(INDEX(HISTORICO!$R$3:$R$2002,MATCH(16,HISTORICO!$AC$3:$AC$2002,0)),"") | H74: =IFERROR(INDEX(HISTORICO!$T$3:$T$2002,MATCH(16,HISTORICO!$AC$3:$AC$2002,0)),"")
B75: =IFERROR(INDEX(HISTORICO!$A$3:$A$2002,MATCH(17,HISTORICO!$AC$3:$AC$2002,0)),"") | C75: =IFERROR(INDEX(HISTORICO!$C$3:$C$2002,MATCH(17,HISTORICO!$AC$3:$AC$2002,0)),"") | D75: =IFERROR(INDEX(HISTORICO!$U$3:$U$2002,MATCH(17,HISTORICO!$AC$3:$AC$2002,0)),"") | E75: =IFERROR(INDEX(HISTORICO!$L$3:$L$2002,MATCH(17,HISTORICO!$AC$3:$AC$2002,0)),"") | F75: =IFERROR(INDEX(HISTORICO!$N$3:$N$2002,MATCH(17,HISTORICO!$AC$3:$AC$2002,0)),"") | G75: =IFERROR(INDEX(HISTORICO!$R$3:$R$2002,MATCH(17,HISTORICO!$AC$3:$AC$2002,0)),"") | H75: =IFERROR(INDEX(HISTORICO!$T$3:$T$2002,MATCH(17,HISTORICO!$AC$3:$AC$2002,0)),"")
B76: =IFERROR(INDEX(HISTORICO!$A$3:$A$2002,MATCH(18,HISTORICO!$AC$3:$AC$2002,0)),"") | C76: =IFERROR(INDEX(HISTORICO!$C$3:$C$2002,MATCH(18,HISTORICO!$AC$3:$AC$2002,0)),"") | D76: =IFERROR(INDEX(HISTORICO!$U$3:$U$2002,MATCH(18,HISTORICO!$AC$3:$AC$2002,0)),"") | E76: =IFERROR(INDEX(HISTORICO!$L$3:$L$2002,MATCH(18,HISTORICO!$AC$3:$AC$2002,0)),"") | F76: =IFERROR(INDEX(HISTORICO!$N$3:$N$2002,MATCH(18,HISTORICO!$AC$3:$AC$2002,0)),"") | G76: =IFERROR(INDEX(HISTORICO!$R$3:$R$2002,MATCH(18,HISTORICO!$AC$3:$AC$2002,0)),"") | H76: =IFERROR(INDEX(HISTORICO!$T$3:$T$2002,MATCH(18,HISTORICO!$AC$3:$AC$2002,0)),"")
B77: =IFERROR(INDEX(HISTORICO!$A$3:$A$2002,MATCH(19,HISTORICO!$AC$3:$AC$2002,0)),"") | C77: =IFERROR(INDEX(HISTORICO!$C$3:$C$2002,MATCH(19,HISTORICO!$AC$3:$AC$2002,0)),"") | D77: =IFERROR(INDEX(HISTORICO!$U$3:$U$2002,MATCH(19,HISTORICO!$AC$3:$AC$2002,0)),"") | E77: =IFERROR(INDEX(HISTORICO!$L$3:$L$2002,MATCH(19,HISTORICO!$AC$3:$AC$2002,0)),"") | F77: =IFERROR(INDEX(HISTORICO!$N$3:$N$2002,MATCH(19,HISTORICO!$AC$3:$AC$2002,0)),"") | G77: =IFERROR(INDEX(HISTORICO!$R$3:$R$2002,MATCH(19,HISTORICO!$AC$3:$AC$2002,0)),"") | H77: =IFERROR(INDEX(HISTORICO!$T$3:$T$2002,MATCH(19,HISTORICO!$AC$3:$AC$2002,0)),"")
B78: =IFERROR(INDEX(HISTORICO!$A$3:$A$2002,MATCH(20,HISTORICO!$AC$3:$AC$2002,0)),"") | C78: =IFERROR(INDEX(HISTORICO!$C$3:$C$2002,MATCH(20,HISTORICO!$AC$3:$AC$2002,0)),"") | D78: =IFERROR(INDEX(HISTORICO!$U$3:$U$2002,MATCH(20,HISTORICO!$AC$3:$AC$2002,0)),"") | E78: =IFERROR(INDEX(HISTORICO!$L$3:$L$2002,MATCH(20,HISTORICO!$AC$3:$AC$2002,0)),"") | F78: =IFERROR(INDEX(HISTORICO!$N$3:$N$2002,MATCH(20,HISTORICO!$AC$3:$AC$2002,0)),"") | G78: =IFERROR(INDEX(HISTORICO!$R$3:$R$2002,MATCH(20,HISTORICO!$AC$3:$AC$2002,0)),"") | H78: =IFERROR(INDEX(HISTORICO!$T$3:$T$2002,MATCH(20,HISTORICO!$AC$3:$AC$2002,0)),"")
B79: =IFERROR(INDEX(HISTORICO!$A$3:$A$2002,MATCH(21,HISTORICO!$AC$3:$AC$2002,0)),"") | C79: =IFERROR(INDEX(HISTORICO!$C$3:$C$2002,MATCH(21,HISTORICO!$AC$3:$AC$2002,0)),"") | D79: =IFERROR(INDEX(HISTORICO!$U$3:$U$2002,MATCH(21,HISTORICO!$AC$3:$AC$2002,0)),"") | E79: =IFERROR(INDEX(HISTORICO!$L$3:$L$2002,MATCH(21,HISTORICO!$AC$3:$AC$2002,0)),"") | F79: =IFERROR(INDEX(HISTORICO!$N$3:$N$2002,MATCH(21,HISTORICO!$AC$3:$AC$2002,0)),"") | G79: =IFERROR(INDEX(HISTORICO!$R$3:$R$2002,MATCH(21,HISTORICO!$AC$3:$AC$2002,0)),"") | H79: =IFERROR(INDEX(HISTORICO!$T$3:$T$2002,MATCH(21,HISTORICO!$AC$3:$AC$2002,0)),"")
B80: =IFERROR(INDEX(HISTORICO!$A$3:$A$2002,MATCH(22,HISTORICO!$AC$3:$AC$2002,0)),"") | C80: =IFERROR(INDEX(HISTORICO!$C$3:$C$2002,MATCH(22,HISTORICO!$AC$3:$AC$2002,0)),"") | D80: =IFERROR(INDEX(HISTORICO!$U$3:$U$2002,MATCH(22,HISTORICO!$AC$3:$AC$2002,0)),"") | E80: =IFERROR(INDEX(HISTORICO!$L$3:$L$2002,MATCH(22,HISTORICO!$AC$3:$AC$2002,0)),"") | F80: =IFERROR(INDEX(HISTORICO!$N$3:$N$2002,MATCH(22,HISTORICO!$AC$3:$AC$2002,0)),"") | G80: =IFERROR(INDEX(HISTORICO!$R$3:$R$2002,MATCH(22,HISTORICO!$AC$3:$AC$2002,0)),"") | H80: =IFERROR(INDEX(HISTORICO!$T$3:$T$2002,MATCH(22,HISTORICO!$AC$3:$AC$2002,0)),"")
B81: =IFERROR(INDEX(HISTORICO!$A$3:$A$2002,MATCH(23,HISTORICO!$AC$3:$AC$2002,0)),"") | C81: =IFERROR(INDEX(HISTORICO!$C$3:$C$2002,MATCH(23,HISTORICO!$AC$3:$AC$2002,0)),"") | D81: =IFERROR(INDEX(HISTORICO!$U$3:$U$2002,MATCH(23,HISTORICO!$AC$3:$AC$2002,0)),"") | E81: =IFERROR(INDEX(HISTORICO!$L$3:$L$2002,MATCH(23,HISTORICO!$AC$3:$AC$2002,0)),"") | F81: =IFERROR(INDEX(HISTORICO!$N$3:$N$2002,MATCH(23,HISTORICO!$AC$3:$AC$2002,0)),"") | G81: =IFERROR(INDEX(HISTORICO!$R$3:$R$2002,MATCH(23,HISTORICO!$AC$3:$AC$2002,0)),"") | H81: =IFERROR(INDEX(HISTORICO!$T$3:$T$2002,MATCH(23,HISTORICO!$AC$3:$AC$2002,0)),"")
B82: =IFERROR(INDEX(HISTORICO!$A$3:$A$2002,MATCH(24,HISTORICO!$AC$3:$AC$2002,0)),"") | C82: =IFERROR(INDEX(HISTORICO!$C$3:$C$2002,MATCH(24,HISTORICO!$AC$3:$AC$2002,0)),"") | D82: =IFERROR(INDEX(HISTORICO!$U$3:$U$2002,MATCH(24,HISTORICO!$AC$3:$AC$2002,0)),"") | E82: =IFERROR(INDEX(HISTORICO!$L$3:$L$2002,MATCH(24,HISTORICO!$AC$3:$AC$2002,0)),"") | F82: =IFERROR(INDEX(HISTORICO!$N$3:$N$2002,MATCH(24,HISTORICO!$AC$3:$AC$2002,0)),"") | G82: =IFERROR(INDEX(HISTORICO!$R$3:$R$2002,MATCH(24,HISTORICO!$AC$3:$AC$2002,0)),"") | H82: =IFERROR(INDEX(HISTORICO!$T$3:$T$2002,MATCH(24,HISTORICO!$AC$3:$AC$2002,0)),"")
B83: =IFERROR(INDEX(HISTORICO!$A$3:$A$2002,MATCH(25,HISTORICO!$AC$3:$AC$2002,0)),"") | C83: =IFERROR(INDEX(HISTORICO!$C$3:$C$2002,MATCH(25,HISTORICO!$AC$3:$AC$2002,0)),"") | D83: =IFERROR(INDEX(HISTORICO!$U$3:$U$2002,MATCH(25,HISTORICO!$AC$3:$AC$2002,0)),"") | E83: =IFERROR(INDEX(HISTORICO!$L$3:$L$2002,MATCH(25,HISTORICO!$AC$3:$AC$2002,0)),"") | F83: =IFERROR(INDEX(HISTORICO!$N$3:$N$2002,MATCH(25,HISTORICO!$AC$3:$AC$2002,0)),"") | G83: =IFERROR(INDEX(HISTORICO!$R$3:$R$2002,MATCH(25,HISTORICO!$AC$3:$AC$2002,0)),"") | H83: =IFERROR(INDEX(HISTORICO!$T$3:$T$2002,MATCH(25,HISTORICO!$AC$3:$AC$2002,0)),"")
B84: =IFERROR(INDEX(HISTORICO!$A$3:$A$2002,MATCH(26,HISTORICO!$AC$3:$AC$2002,0)),"") | C84: =IFERROR(INDEX(HISTORICO!$C$3:$C$2002,MATCH(26,HISTORICO!$AC$3:$AC$2002,0)),"") | D84: =IFERROR(INDEX(HISTORICO!$U$3:$U$2002,MATCH(26,HISTORICO!$AC$3:$AC$2002,0)),"") | E84: =IFERROR(INDEX(HISTORICO!$L$3:$L$2002,MATCH(26,HISTORICO!$AC$3:$AC$2002,0)),"") | F84: =IFERROR(INDEX(HISTORICO!$N$3:$N$2002,MATCH(26,HISTORICO!$AC$3:$AC$2002,0)),"") | G84: =IFERROR(INDEX(HISTORICO!$R$3:$R$2002,MATCH(26,HISTORICO!$AC$3:$AC$2002,0)),"") | H84: =IFERROR(INDEX(HISTORICO!$T$3:$T$2002,MATCH(26,HISTORICO!$AC$3:$AC$2002,0)),"")
B85: =IFERROR(INDEX(HISTORICO!$A$3:$A$2002,MATCH(27,HISTORICO!$AC$3:$AC$2002,0)),"") | C85: =IFERROR(INDEX(HISTORICO!$C$3:$C$2002,MATCH(27,HISTORICO!$AC$3:$AC$2002,0)),"") | D85: =IFERROR(INDEX(HISTORICO!$U$3:$U$2002,MATCH(27,HISTORICO!$AC$3:$AC$2002,0)),"") | E85: =IFERROR(INDEX(HISTORICO!$L$3:$L$2002,MATCH(27,HISTORICO!$AC$3:$AC$2002,0)),"") | F85: =IFERROR(INDEX(HISTORICO!$N$3:$N$2002,MATCH(27,HISTORICO!$AC$3:$AC$2002,0)),"") | G85: =IFERROR(INDEX(HISTORICO!$R$3:$R$2002,MATCH(27,HISTORICO!$AC$3:$AC$2002,0)),"") | H85: =IFERROR(INDEX(HISTORICO!$T$3:$T$2002,MATCH(27,HISTORICO!$AC$3:$AC$2002,0)),"")
B86: =IFERROR(INDEX(HISTORICO!$A$3:$A$2002,MATCH(28,HISTORICO!$AC$3:$AC$2002,0)),"") | C86: =IFERROR(INDEX(HISTORICO!$C$3:$C$2002,MATCH(28,HISTORICO!$AC$3:$AC$2002,0)),"") | D86: =IFERROR(INDEX(HISTORICO!$U$3:$U$2002,MATCH(28,HISTORICO!$AC$3:$AC$2002,0)),"") | E86: =IFERROR(INDEX(HISTORICO!$L$3:$L$2002,MATCH(28,HISTORICO!$AC$3:$AC$2002,0)),"") | F86: =IFERROR(INDEX(HISTORICO!$N$3:$N$2002,MATCH(28,HISTORICO!$AC$3:$AC$2002,0)),"") | G86: =IFERROR(INDEX(HISTORICO!$R$3:$R$2002,MATCH(28,HISTORICO!$AC$3:$AC$2002,0)),"") | H86: =IFERROR(INDEX(HISTORICO!$T$3:$T$2002,MATCH(28,HISTORICO!$AC$3:$AC$2002,0)),"")
B87: =IFERROR(INDEX(HISTORICO!$A$3:$A$2002,MATCH(29,HISTORICO!$AC$3:$AC$2002,0)),"") | C87: =IFERROR(INDEX(HISTORICO!$C$3:$C$2002,MATCH(29,HISTORICO!$AC$3:$AC$2002,0)),"") | D87: =IFERROR(INDEX(HISTORICO!$U$3:$U$2002,MATCH(29,HISTORICO!$AC$3:$AC$2002,0)),"") | E87: =IFERROR(INDEX(HISTORICO!$L$3:$L$2002,MATCH(29,HISTORICO!$AC$3:$AC$2002,0)),"") | F87: =IFERROR(INDEX(HISTORICO!$N$3:$N$2002,MATCH(29,HISTORICO!$AC$3:$AC$2002,0)),"") | G87: =IFERROR(INDEX(HISTORICO!$R$3:$R$2002,MATCH(29,HISTORICO!$AC$3:$AC$2002,0)),"") | H87: =IFERROR(INDEX(HISTORICO!$T$3:$T$2002,MATCH(29,HISTORICO!$AC$3:$AC$2002,0)),"")
B88: =IFERROR(INDEX(HISTORICO!$A$3:$A$2002,MATCH(30,HISTORICO!$AC$3:$AC$2002,0)),"") | C88: =IFERROR(INDEX(HISTORICO!$C$3:$C$2002,MATCH(30,HISTORICO!$AC$3:$AC$2002,0)),"") | D88: =IFERROR(INDEX(HISTORICO!$U$3:$U$2002,MATCH(30,HISTORICO!$AC$3:$AC$2002,0)),"") | E88: =IFERROR(INDEX(HISTORICO!$L$3:$L$2002,MATCH(30,HISTORICO!$AC$3:$AC$2002,0)),"") | F88: =IFERROR(INDEX(HISTORICO!$N$3:$N$2002,MATCH(30,HISTORICO!$AC$3:$AC$2002,0)),"") | G88: =IFERROR(INDEX(HISTORICO!$R$3:$R$2002,MATCH(30,HISTORICO!$AC$3:$AC$2002,0)),"") | H88: =IFERROR(INDEX(HISTORICO!$T$3:$T$2002,MATCH(30,HISTORICO!$AC$3:$AC$2002,0)),"")
B89: =IFERROR(INDEX(HISTORICO!$A$3:$A$2002,MATCH(31,HISTORICO!$AC$3:$AC$2002,0)),"") | C89: =IFERROR(INDEX(HISTORICO!$C$3:$C$2002,MATCH(31,HISTORICO!$AC$3:$AC$2002,0)),"") | D89: =IFERROR(INDEX(HISTORICO!$U$3:$U$2002,MATCH(31,HISTORICO!$AC$3:$AC$2002,0)),"") | E89: =IFERROR(INDEX(HISTORICO!$L$3:$L$2002,MATCH(31,HISTORICO!$AC$3:$AC$2002,0)),"") | F89: =IFERROR(INDEX(HISTORICO!$N$3:$N$2002,MATCH(31,HISTORICO!$AC$3:$AC$2002,0)),"") | G89: =IFERROR(INDEX(HISTORICO!$R$3:$R$2002,MATCH(31,HISTORICO!$AC$3:$AC$2002,0)),"") | H89: =IFERROR(INDEX(HISTORICO!$T$3:$T$2002,MATCH(31,HISTORICO!$AC$3:$AC$2002,0)),"")
B90: =IFERROR(INDEX(HISTORICO!$A$3:$A$2002,MATCH(32,HISTORICO!$AC$3:$AC$2002,0)),"") | C90: =IFERROR(INDEX(HISTORICO!$C$3:$C$2002,MATCH(32,HISTORICO!$AC$3:$AC$2002,0)),"") | D90: =IFERROR(INDEX(HISTORICO!$U$3:$U$2002,MATCH(32,HISTORICO!$AC$3:$AC$2002,0)),"") | E90: =IFERROR(INDEX(HISTORICO!$L$3:$L$2002,MATCH(32,HISTORICO!$AC$3:$AC$2002,0)),"") | F90: =IFERROR(INDEX(HISTORICO!$N$3:$N$2002,MATCH(32,HISTORICO!$AC$3:$AC$2002,0)),"") | G90: =IFERROR(INDEX(HISTORICO!$R$3:$R$2002,MATCH(32,HISTORICO!$AC$3:$AC$2002,0)),"") | H90: =IFERROR(INDEX(HISTORICO!$T$3:$T$2002,MATCH(32,HISTORICO!$AC$3:$AC$2002,0)),"")
B91: =IFERROR(INDEX(HISTORICO!$A$3:$A$2002,MATCH(33,HISTORICO!$AC$3:$AC$2002,0)),"") | C91: =IFERROR(INDEX(HISTORICO!$C$3:$C$2002,MATCH(33,HISTORICO!$AC$3:$AC$2002,0)),"") | D91: =IFERROR(INDEX(HISTORICO!$U$3:$U$2002,MATCH(33,HISTORICO!$AC$3:$AC$2002,0)),"") | E91: =IFERROR(INDEX(HISTORICO!$L$3:$L$2002,MATCH(33,HISTORICO!$AC$3:$AC$2002,0)),"") | F91: =IFERROR(INDEX(HISTORICO!$N$3:$N$2002,MATCH(33,HISTORICO!$AC$3:$AC$2002,0)),"") | G91: =IFERROR(INDEX(HISTORICO!$R$3:$R$2002,MATCH(33,HISTORICO!$AC$3:$AC$2002,0)),"") | H91: =IFERROR(INDEX(HISTORICO!$T$3:$T$2002,MATCH(33,HISTORICO!$AC$3:$AC$2002,0)),"")
B92: =IFERROR(INDEX(HISTORICO!$A$3:$A$2002,MATCH(34,HISTORICO!$AC$3:$AC$2002,0)),"") | C92: =IFERROR(INDEX(HISTORICO!$C$3:$C$2002,MATCH(34,HISTORICO!$AC$3:$AC$2002,0)),"") | D92: =IFERROR(INDEX(HISTORICO!$U$3:$U$2002,MATCH(34,HISTORICO!$AC$3:$AC$2002,0)),"") | E92: =IFERROR(INDEX(HISTORICO!$L$3:$L$2002,MATCH(34,HISTORICO!$AC$3:$AC$2002,0)),"") | F92: =IFERROR(INDEX(HISTORICO!$N$3:$N$2002,MATCH(34,HISTORICO!$AC$3:$AC$2002,0)),"") | G92: =IFERROR(INDEX(HISTORICO!$R$3:$R$2002,MATCH(34,HISTORICO!$AC$3:$AC$2002,0)),"") | H92: =IFERROR(INDEX(HISTORICO!$T$3:$T$2002,MATCH(34,HISTORICO!$AC$3:$AC$2002,0)),"")
B93: =IFERROR(INDEX(HISTORICO!$A$3:$A$2002,MATCH(35,HISTORICO!$AC$3:$AC$2002,0)),"") | C93: =IFERROR(INDEX(HISTORICO!$C$3:$C$2002,MATCH(35,HISTORICO!$AC$3:$AC$2002,0)),"") | D93: =IFERROR(INDEX(HISTORICO!$U$3:$U$2002,MATCH(35,HISTORICO!$AC$3:$AC$2002,0)),"") | E93: =IFERROR(INDEX(HISTORICO!$L$3:$L$2002,MATCH(35,HISTORICO!$AC$3:$AC$2002,0)),"") | F93: =IFERROR(INDEX(HISTORICO!$N$3:$N$2002,MATCH(35,HISTORICO!$AC$3:$AC$2002,0)),"") | G93: =IFERROR(INDEX(HISTORICO!$R$3:$R$2002,MATCH(35,HISTORICO!$AC$3:$AC$2002,0)),"") | H93: =IFERROR(INDEX(HISTORICO!$T$3:$T$2002,MATCH(35,HISTORICO!$AC$3:$AC$2002,0)),"")
B94: =IFERROR(INDEX(HISTORICO!$A$3:$A$2002,MATCH(36,HISTORICO!$AC$3:$AC$2002,0)),"") | C94: =IFERROR(INDEX(HISTORICO!$C$3:$C$2002,MATCH(36,HISTORICO!$AC$3:$AC$2002,0)),"") | D94: =IFERROR(INDEX(HISTORICO!$U$3:$U$2002,MATCH(36,HISTORICO!$AC$3:$AC$2002,0)),"") | E94: =IFERROR(INDEX(HISTORICO!$L$3:$L$2002,MATCH(36,HISTORICO!$AC$3:$AC$2002,0)),"") | F94: =IFERROR(INDEX(HISTORICO!$N$3:$N$2002,MATCH(36,HISTORICO!$AC$3:$AC$2002,0)),"") | G94: =IFERROR(INDEX(HISTORICO!$R$3:$R$2002,MATCH(36,HISTORICO!$AC$3:$AC$2002,0)),"") | H94: =IFERROR(INDEX(HISTORICO!$T$3:$T$2002,MATCH(36,HISTORICO!$AC$3:$AC$2002,0)),"")
B95: =IFERROR(INDEX(HISTORICO!$A$3:$A$2002,MATCH(37,HISTORICO!$AC$3:$AC$2002,0)),"") | C95: =IFERROR(INDEX(HISTORICO!$C$3:$C$2002,MATCH(37,HISTORICO!$AC$3:$AC$2002,0)),"") | D95: =IFERROR(INDEX(HISTORICO!$U$3:$U$2002,MATCH(37,HISTORICO!$AC$3:$AC$2002,0)),"") | E95: =IFERROR(INDEX(HISTORICO!$L$3:$L$2002,MATCH(37,HISTORICO!$AC$3:$AC$2002,0)),"") | F95: =IFERROR(INDEX(HISTORICO!$N$3:$N$2002,MATCH(37,HISTORICO!$AC$3:$AC$2002,0)),"") | G95: =IFERROR(INDEX(HISTORICO!$R$3:$R$2002,MATCH(37,HISTORICO!$AC$3:$AC$2002,0)),"") | H95: =IFERROR(INDEX(HISTORICO!$T$3:$T$2002,MATCH(37,HISTORICO!$AC$3:$AC$2002,0)),"")
B96: =IFERROR(INDEX(HISTORICO!$A$3:$A$2002,MATCH(38,HISTORICO!$AC$3:$AC$2002,0)),"") | C96: =IFERROR(INDEX(HISTORICO!$C$3:$C$2002,MATCH(38,HISTORICO!$AC$3:$AC$2002,0)),"") | D96: =IFERROR(INDEX(HISTORICO!$U$3:$U$2002,MATCH(38,HISTORICO!$AC$3:$AC$2002,0)),"") | E96: =IFERROR(INDEX(HISTORICO!$L$3:$L$2002,MATCH(38,HISTORICO!$AC$3:$AC$2002,0)),"") | F96: =IFERROR(INDEX(HISTORICO!$N$3:$N$2002,MATCH(38,HISTORICO!$AC$3:$AC$2002,0)),"") | G96: =IFERROR(INDEX(HISTORICO!$R$3:$R$2002,MATCH(38,HISTORICO!$AC$3:$AC$2002,0)),"") | H96: =IFERROR(INDEX(HISTORICO!$T$3:$T$2002,MATCH(38,HISTORICO!$AC$3:$AC$2002,0)),"")
B97: =IFERROR(INDEX(HISTORICO!$A$3:$A$2002,MATCH(39,HISTORICO!$AC$3:$AC$2002,0)),"") | C97: =IFERROR(INDEX(HISTORICO!$C$3:$C$2002,MATCH(39,HISTORICO!$AC$3:$AC$2002,0)),"") | D97: =IFERROR(INDEX(HISTORICO!$U$3:$U$2002,MATCH(39,HISTORICO!$AC$3:$AC$2002,0)),"") | E97: =IFERROR(INDEX(HISTORICO!$L$3:$L$2002,MATCH(39,HISTORICO!$AC$3:$AC$2002,0)),"") | F97: =IFERROR(INDEX(HISTORICO!$N$3:$N$2002,MATCH(39,HISTORICO!$AC$3:$AC$2002,0)),"") | G97: =IFERROR(INDEX(HISTORICO!$R$3:$R$2002,MATCH(39,HISTORICO!$AC$3:$AC$2002,0)),"") | H97: =IFERROR(INDEX(HISTORICO!$T$3:$T$2002,MATCH(39,HISTORICO!$AC$3:$AC$2002,0)),"")
B98: =IFERROR(INDEX(HISTORICO!$A$3:$A$2002,MATCH(40,HISTORICO!$AC$3:$AC$2002,0)),"") | C98: =IFERROR(INDEX(HISTORICO!$C$3:$C$2002,MATCH(40,HISTORICO!$AC$3:$AC$2002,0)),"") | D98: =IFERROR(INDEX(HISTORICO!$U$3:$U$2002,MATCH(40,HISTORICO!$AC$3:$AC$2002,0)),"") | E98: =IFERROR(INDEX(HISTORICO!$L$3:$L$2002,MATCH(40,HISTORICO!$AC$3:$AC$2002,0)),"") | F98: =IFERROR(INDEX(HISTORICO!$N$3:$N$2002,MATCH(40,HISTORICO!$AC$3:$AC$2002,0)),"") | G98: =IFERROR(INDEX(HISTORICO!$R$3:$R$2002,MATCH(40,HISTORICO!$AC$3:$AC$2002,0)),"") | H98: =IFERROR(INDEX(HISTORICO!$T$3:$T$2002,MATCH(40,HISTORICO!$AC$3:$AC$2002,0)),"")
B101: CONSULTA DE MEDICAO (selecao real feita na aba RELATORIO DE MEDICAO)
B102: NOTA selecionada: | C102: =RELATORIO_MEDICAO!$C$5
B103: MEDICAO selecionada: | C103: =RELATORIO_MEDICAO!$F$5
B104: TOTAL GERAL: | C104: =RELATORIO_MEDICAO!$J$5
B106: Para trocar a NOTA/MEDICAO exibida no relatorio, va ate a aba 'RELATORIO_MEDICAO' e altere as celulas amarelas C5/F5.

Sheet RELATORIO_MEDICAO
A1: =CONFIGURACOES!$C$7 | G1: =MOTOR_RELATORIO!$G$2
A2: RELATORIO DE MEDICAO
A3: Documento para conferencia e assinatura do FISCAL
A4: 🖨 GERAR PDF | D4: Botao visual: importe os modulos VBA (pasta /medicoes/vba) e clique com o botao direito aqui -> Atribuir Macro -> ExportarPDF. Nome sugerido do arquivo: CADENGECOM_NOTA_[nota]_MEDICAO_[medicao].pdf
A5: NUMERO DA NOTA: | C5: 29655103 | D5: MEDICAO: | F5: 1 | G5: TOTAL GERAL: | J5: =SUMIFS(HISTORICO!$T$3:$T$2002,HISTORICO!$A$3:$A$2002,$C$5,HISTORICO!$C$3:$C$2002,$F$5)
A6: DADOS DA MEDICAO
A7: NOTA: | B7: =$C$5 | C7: T.MED: | D7: =MOTOR_RELATORIO!$J$2 | E7: FISCAL: | F7: =MOTOR_RELATORIO!$E$2 | H7: C.C.:
A8: ELAB.: | B8: =MOTOR_RELATORIO!$I$2 | C8: CT: | D8: =MOTOR_RELATORIO!$F$2 | E8: SUPER.: | F8: =MOTOR_RELATORIO!$H$2 | H8: DATA: | I8: =MOTOR_RELATORIO!$K$2
A9: OBRA: | B9: =MOTOR_RELATORIO!$G$2
A10: ITENS DA MEDICAO
A11: =IFERROR(INDEX(MOTOR_RELATORIO!$Y$2:$Y$151,MATCH(1*10+1,MOTOR_RELATORIO!$AE$2:$AE$151,0)),"") | B11: =IFERROR(INDEX(MOTOR_RELATORIO!$Z$2:$Z$151,MATCH(1*10+1,MOTOR_RELATORIO!$AE$2:$AE$151,0)),"")
A12: =IFERROR(INDEX(MOTOR_RELATORIO!$AA$2:$AA$151,MATCH(1*10+1,MOTOR_RELATORIO!$AE$2:$AE$151,0)),"") | B12: =IFERROR(INDEX(MOTOR_RELATORIO!$AB$2:$AB$151,MATCH(1*10+1,MOTOR_RELATORIO!$AE$2:$AE$151,0)),"")
A13: ITEM | B13: LINHA | C13: DESCRICAO | E13: ATIVIDADE | G13: UND. | H13: X | I13: Y | J13: Z | K13: RESULTADO
A14: =IFERROR(INDEX(MOTOR_RELATORIO!$L$2:$L$151,MATCH(1*10+1,MOTOR_RELATORIO!$AE$2:$AE$151,0)),"") | B14: =IFERROR(INDEX(MOTOR_RELATORIO!$M$2:$M$151,MATCH(1*10+1,MOTOR_RELATORIO!$AE$2:$AE$151,0)),"") | E14: =IFERROR(INDEX(MOTOR_RELATORIO!$N$2:$N$151,MATCH(1*10+1,MOTOR_RELATORIO!$AE$2:$AE$151,0)),"") | G14: =IFERROR(INDEX(MOTOR_RELATORIO!$P$2:$P$151,MATCH(1*10+1,MOTOR_RELATORIO!$AE$2:$AE$151,0)),"")
C15: =IFERROR(INDEX(MOTOR_RELATORIO!$O$2:$O$151,MATCH(1*10+1,MOTOR_RELATORIO!$AE$2:$AE$151,0)),"") | H15: =IFERROR(INDEX(MOTOR_RELATORIO!$R$2:$R$151,MATCH(1*10+1,MOTOR_RELATORIO!$AE$2:$AE$151,0)),"") | I15: =IFERROR(INDEX(MOTOR_RELATORIO!$S$2:$S$151,MATCH(1*10+1,MOTOR_RELATORIO!$AE$2:$AE$151,0)),"") | J15: =IFERROR(INDEX(MOTOR_RELATORIO!$T$2:$T$151,MATCH(1*10+1,MOTOR_RELATORIO!$AE$2:$AE$151,0)),"") | K15: =IFERROR(INDEX(MOTOR_RELATORIO!$U$2:$U$151,MATCH(1*10+1,MOTOR_RELATORIO!$AE$2:$AE$151,0)),"")
C16: =IFERROR(INDEX(MOTOR_RELATORIO!$O$2:$O$151,MATCH(1*10+2,MOTOR_RELATORIO!$AE$2:$AE$151,0)),"") | H16: =IFERROR(INDEX(MOTOR_RELATORIO!$R$2:$R$151,MATCH(1*10+2,MOTOR_RELATORIO!$AE$2:$AE$151,0)),"") | I16: =IFERROR(INDEX(MOTOR_RELATORIO!$S$2:$S$151,MATCH(1*10+2,MOTOR_RELATORIO!$AE$2:$AE$151,0)),"") | J16: =IFERROR(INDEX(MOTOR_RELATORIO!$T$2:$T$151,MATCH(1*10+2,MOTOR_RELATORIO!$AE$2:$AE$151,0)),"") | K16: =IFERROR(INDEX(MOTOR_RELATORIO!$U$2:$U$151,MATCH(1*10+2,MOTOR_RELATORIO!$AE$2:$AE$151,0)),"")
C17: =IFERROR(INDEX(MOTOR_RELATORIO!$O$2:$O$151,MATCH(1*10+3,MOTOR_RELATORIO!$AE$2:$AE$151,0)),"") | H17: =IFERROR(INDEX(MOTOR_RELATORIO!$R$2:$R$151,MATCH(1*10+3,MOTOR_RELATORIO!$AE$2:$AE$151,0)),"") | I17: =IFERROR(INDEX(MOTOR_RELATORIO!$S$2:$S$151,MATCH(1*10+3,MOTOR_RELATORIO!$AE$2:$AE$151,0)),"") | J17: =IFERROR(INDEX(MOTOR_RELATORIO!$T$2:$T$151,MATCH(1*10+3,MOTOR_RELATORIO!$AE$2:$AE$151,0)),"") | K17: =IFERROR(INDEX(MOTOR_RELATORIO!$U$2:$U$151,MATCH(1*10+3,MOTOR_RELATORIO!$AE$2:$AE$151,0)),"")
C18: =IFERROR(INDEX(MOTOR_RELATORIO!$O$2:$O$151,MATCH(1*10+4,MOTOR_RELATORIO!$AE$2:$AE$151,0)),"") | H18: =IFERROR(INDEX(MOTOR_RELATORIO!$R$2:$R$151,MATCH(1*10+4,MOTOR_RELATORIO!$AE$2:$AE$151,0)),"") | I18: =IFERROR(INDEX(MOTOR_RELATORIO!$S$2:$S$151,MATCH(1*10+4,MOTOR_RELATORIO!$AE$2:$AE$151,0)),"") | J18: =IFERROR(INDEX(MOTOR_RELATORIO!$T$2:$T$151,MATCH(1*10+4,MOTOR_RELATORIO!$AE$2:$AE$151,0)),"") | K18: =IFERROR(INDEX(MOTOR_RELATORIO!$U$2:$U$151,MATCH(1*10+4,MOTOR_RELATORIO!$AE$2:$AE$151,0)),"")
C19: =IFERROR(INDEX(MOTOR_RELATORIO!$O$2:$O$151,MATCH(1*10+5,MOTOR_RELATORIO!$AE$2:$AE$151,0)),"") | H19: =IFERROR(INDEX(MOTOR_RELATORIO!$R$2:$R$151,MATCH(1*10+5,MOTOR_RELATORIO!$AE$2:$AE$151,0)),"") | I19: =IFERROR(INDEX(MOTOR_RELATORIO!$S$2:$S$151,MATCH(1*10+5,MOTOR_RELATORIO!$AE$2:$AE$151,0)),"") | J19: =IFERROR(INDEX(MOTOR_RELATORIO!$T$2:$T$151,MATCH(1*10+5,MOTOR_RELATORIO!$AE$2:$AE$151,0)),"") | K19: =IFERROR(INDEX(MOTOR_RELATORIO!$U$2:$U$151,MATCH(1*10+5,MOTOR_RELATORIO!$AE$2:$AE$151,0)),"")
C20: =IFERROR(INDEX(MOTOR_RELATORIO!$O$2:$O$151,MATCH(1*10+6,MOTOR_RELATORIO!$AE$2:$AE$151,0)),"") | H20: =IFERROR(INDEX(MOTOR_RELATORIO!$R$2:$R$151,MATCH(1*10+6,MOTOR_RELATORIO!$AE$2:$AE$151,0)),"") | I20: =IFERROR(INDEX(MOTOR_RELATORIO!$S$2:$S$151,MATCH(1*10+6,MOTOR_RELATORIO!$AE$2:$AE$151,0)),"") | J20: =IFERROR(INDEX(MOTOR_RELATORIO!$T$2:$T$151,MATCH(1*10+6,MOTOR_RELATORIO!$AE$2:$AE$151,0)),"") | K20: =IFERROR(INDEX(MOTOR_RELATORIO!$U$2:$U$151,MATCH(1*10+6,MOTOR_RELATORIO!$AE$2:$AE$151,0)),"")
G21: RESULTADO: | I21: =IFERROR(INDEX(MOTOR_RELATORIO!$AF$2:$AF$151,MATCH(1*10+1,MOTOR_RELATORIO!$AE$2:$AE$151,0)),"")
G22: VALOR: | I22: =IFERROR(INDEX(MOTOR_RELATORIO!$AG$2:$AG$151,MATCH(1*10+1,MOTOR_RELATORIO!$AE$2:$AE$151,0)),"")
A23: =IFERROR(INDEX(MOTOR_RELATORIO!$Y$2:$Y$151,MATCH(2*10+1,MOTOR_RELATORIO!$AE$2:$AE$151,0)),"") | B23: =IFERROR(INDEX(MOTOR_RELATORIO!$Z$2:$Z$151,MATCH(2*10+1,MOTOR_RELATORIO!$AE$2:$AE$151,0)),"")
A24: =IFERROR(INDEX(MOTOR_RELATORIO!$AA$2:$AA$151,MATCH(2*10+1,MOTOR_RELATORIO!$AE$2:$AE$151,0)),"") | B24: =IFERROR(INDEX(MOTOR_RELATORIO!$AB$2:$AB$151,MATCH(2*10+1,MOTOR_RELATORIO!$AE$2:$AE$151,0)),"")
A25: ITEM | B25: LINHA | C25: DESCRICAO | E25: ATIVIDADE | G25: UND. | H25: X | I25: Y | J25: Z | K25: RESULTADO
A26: =IFERROR(INDEX(MOTOR_RELATORIO!$L$2:$L$151,MATCH(2*10+1,MOTOR_RELATORIO!$AE$2:$AE$151,0)),"") | B26: =IFERROR(INDEX(MOTOR_RELATORIO!$M$2:$M$151,MATCH(2*10+1,MOTOR_RELATORIO!$AE$2:$AE$151,0)),"") | E26: =IFERROR(INDEX(MOTOR_RELATORIO!$N$2:$N$151,MATCH(2*10+1,MOTOR_RELATORIO!$AE$2:$AE$151,0)),"") | G26: =IFERROR(INDEX(MOTOR_RELATORIO!$P$2:$P$151,MATCH(2*10+1,MOTOR_RELATORIO!$AE$2:$AE$151,0)),"")
C27: =IFERROR(INDEX(MOTOR_RELATORIO!$O$2:$O$151,MATCH(2*10+1,MOTOR_RELATORIO!$AE$2:$AE$151,0)),"") | H27: =IFERROR(INDEX(MOTOR_RELATORIO!$R$2:$R$151,MATCH(2*10+1,MOTOR_RELATORIO!$AE$2:$AE$151,0)),"") | I27: =IFERROR(INDEX(MOTOR_RELATORIO!$S$2:$S$151,MATCH(2*10+1,MOTOR_RELATORIO!$AE$2:$AE$151,0)),"") | J27: =IFERROR(INDEX(MOTOR_RELATORIO!$T$2:$T$151,MATCH(2*10+1,MOTOR_RELATORIO!$AE$2:$AE$151,0)),"") | K27: =IFERROR(INDEX(MOTOR_RELATORIO!$U$2:$U$151,MATCH(2*10+1,MOTOR_RELATORIO!$AE$2:$AE$151,0)),"")
C28: =IFERROR(INDEX(MOTOR_RELATORIO!$O$2:$O$151,MATCH(2*10+2,MOTOR_RELATORIO!$AE$2:$AE$151,0)),"") | H28: =IFERROR(INDEX(MOTOR_RELATORIO!$R$2:$R$151,MATCH(2*10+2,MOTOR_RELATORIO!$AE$2:$AE$151,0)),"") | I28: =IFERROR(INDEX(MOTOR_RELATORIO!$S$2:$S$151,MATCH(2*10+2,MOTOR_RELATORIO!$AE$2:$AE$151,0)),"") | J28: =IFERROR(INDEX(MOTOR_RELATORIO!$T$2:$T$151,MATCH(2*10+2,MOTOR_RELATORIO!$AE$2:$AE$151,0)),"") | K28: =IFERROR(INDEX(MOTOR_RELATORIO!$U$2:$U$151,MATCH(2*10+2,MOTOR_RELATORIO!$AE$2:$AE$151,0)),"")
C29: =IFERROR(INDEX(MOTOR_RELATORIO!$O$2:$O$151,MATCH(2*10+3,MOTOR_RELATORIO!$AE$2:$AE$151,0)),"") | H29: =IFERROR(INDEX(MOTOR_RELATORIO!$R$2:$R$151,MATCH(2*10+3,MOTOR_RELATORIO!$AE$2:$AE$151,0)),"") | I29: =IFERROR(INDEX(MOTOR_RELATORIO!$S$2:$S$151,MATCH(2*10+3,MOTOR_RELATORIO!$AE$2:$AE$151,0)),"") | J29: =IFERROR(INDEX(MOTOR_RELATORIO!$T$2:$T$151,MATCH(2*10+3,MOTOR_RELATORIO!$AE$2:$AE$151,0)),"") | K29: =IFERROR(INDEX(MOTOR_RELATORIO!$U$2:$U$151,MATCH(2*10+3,MOTOR_RELATORIO!$AE$2:$AE$151,0)),"")
C30: =IFERROR(INDEX(MOTOR_RELATORIO!$O$2:$O$151,MATCH(2*10+4,MOTOR_RELATORIO!$AE$2:$AE$151,0)),"") | H30: =IFERROR(INDEX(MOTOR_RELATORIO!$R$2:$R$151,MATCH(2*10+4,MOTOR_RELATORIO!$AE$2:$AE$151,0)),"") | I30: =IFERROR(INDEX(MOTOR_RELATORIO!$S$2:$S$151,MATCH(2*10+4,MOTOR_RELATORIO!$AE$2:$AE$151,0)),"") | J30: =IFERROR(INDEX(MOTOR_RELATORIO!$T$2:$T$151,MATCH(2*10+4,MOTOR_RELATORIO!$AE$2:$AE$151,0)),"") | K30: =IFERROR(INDEX(MOTOR_RELATORIO!$U$2:$U$151,MATCH(2*10+4,MOTOR_RELATORIO!$AE$2:$AE$151,0)),"")
C31: =IFERROR(INDEX(MOTOR_RELATORIO!$O$2:$O$151,MATCH(2*10+5,MOTOR_RELATORIO!$AE$2:$AE$151,0)),"") | H31: =IFERROR(INDEX(MOTOR_RELATORIO!$R$2:$R$151,MATCH(2*10+5,MOTOR_RELATORIO!$AE$2:$AE$151,0)),"") | I31: =IFERROR(INDEX(MOTOR_RELATORIO!$S$2:$S$151,MATCH(2*10+5,MOTOR_RELATORIO!$AE$2:$AE$151,0)),"") | J31: =IFERROR(INDEX(MOTOR_RELATORIO!$T$2:$T$151,MATCH(2*10+5,MOTOR_RELATORIO!$AE$2:$AE$151,0)),"") | K31: =IFERROR(INDEX(MOTOR_RELATORIO!$U$2:$U$151,MATCH(2*10+5,MOTOR_RELATORIO!$AE$2:$AE$151,0)),"")
C32: =IFERROR(INDEX(MOTOR_RELATORIO!$O$2:$O$151,MATCH(2*10+6,MOTOR_RELATORIO!$AE$2:$AE$151,0)),"") | H32: =IFERROR(INDEX(MOTOR_RELATORIO!$R$2:$R$151,MATCH(2*10+6,MOTOR_RELATORIO!$AE$2:$AE$151,0)),"") | I32: =IFERROR(INDEX(MOTOR_RELATORIO!$S$2:$S$151,MATCH(2*10+6,MOTOR_RELATORIO!$AE$2:$AE$151,0)),"") | J32: =IFERROR(INDEX(MOTOR_RELATORIO!$T$2:$T$151,MATCH(2*10+6,MOTOR_RELATORIO!$AE$2:$AE$151,0)),"") | K32: =IFERROR(INDEX(MOTOR_RELATORIO!$U$2:$U$151,MATCH(2*10+6,MOTOR_RELATORIO!$AE$2:$AE$151,0)),"")
G33: RESULTADO: | I33: =IFERROR(INDEX(MOTOR_RELATORIO!$AF$2:$AF$151,MATCH(2*10+1,MOTOR_RELATORIO!$AE$2:$AE$151,0)),"")
G34: VALOR: | I34: =IFERROR(INDEX(MOTOR_RELATORIO!$AG$2:$AG$151,MATCH(2*10+1,MOTOR_RELATORIO!$AE$2:$AE$151,0)),"")
A35: =IFERROR(INDEX(MOTOR_RELATORIO!$Y$2:$Y$151,MATCH(3*10+1,MOTOR_RELATORIO!$AE$2:$AE$151,0)),"") | B35: =IFERROR(INDEX(MOTOR_RELATORIO!$Z$2:$Z$151,MATCH(3*10+1,MOTOR_RELATORIO!$AE$2:$AE$151,0)),"")
A36: =IFERROR(INDEX(MOTOR_RELATORIO!$AA$2:$AA$151,MATCH(3*10+1,MOTOR_RELATORIO!$AE$2:$AE$151,0)),"") | B36: =IFERROR(INDEX(MOTOR_RELATORIO!$AB$2:$AB$151,MATCH(3*10+1,MOTOR_RELATORIO!$AE$2:$AE$151,0)),"")
A37: ITEM | B37: LINHA | C37: DESCRICAO | E37: ATIVIDADE | G37: UND. | H37: X | I37: Y | J37: Z | K37: RESULTADO
A38: =IFERROR(INDEX(MOTOR_RELATORIO!$L$2:$L$151,MATCH(3*10+1,MOTOR_RELATORIO!$AE$2:$AE$151,0)),"") | B38: =IFERROR(INDEX(MOTOR_RELATORIO!$M$2:$M$151,MATCH(3*10+1,MOTOR_RELATORIO!$AE$2:$AE$151,0)),"") | E38: =IFERROR(INDEX(MOTOR_RELATORIO!$N$2:$N$151,MATCH(3*10+1,MOTOR_RELATORIO!$AE$2:$AE$151,0)),"") | G38: =IFERROR(INDEX(MOTOR_RELATORIO!$P$2:$P$151,MATCH(3*10+1,MOTOR_RELATORIO!$AE$2:$AE$151,0)),"")
C39: =IFERROR(INDEX(MOTOR_RELATORIO!$O$2:$O$151,MATCH(3*10+1,MOTOR_RELATORIO!$AE$2:$AE$151,0)),"") | H39: =IFERROR(INDEX(MOTOR_RELATORIO!$R$2:$R$151,MATCH(3*10+1,MOTOR_RELATORIO!$AE$2:$AE$151,0)),"") | I39: =IFERROR(INDEX(MOTOR_RELATORIO!$S$2:$S$151,MATCH(3*10+1,MOTOR_RELATORIO!$AE$2:$AE$151,0)),"") | J39: =IFERROR(INDEX(MOTOR_RELATORIO!$T$2:$T$151,MATCH(3*10+1,MOTOR_RELATORIO!$AE$2:$AE$151,0)),"") | K39: =IFERROR(INDEX(MOTOR_RELATORIO!$U$2:$U$151,MATCH(3*10+1,MOTOR_RELATORIO!$AE$2:$AE$151,0)),"")
C40: =IFERROR(INDEX(MOTOR_RELATORIO!$O$2:$O$151,MATCH(3*10+2,MOTOR_RELATORIO!$AE$2:$AE$151,0)),"") | H40: =IFERROR(INDEX(MOTOR_RELATORIO!$R$2:$R$151,MATCH(3*10+2,MOTOR_RELATORIO!$AE$2:$AE$151,0)),"") | I40: =IFERROR(INDEX(MOTOR_RELATORIO!$S$2:$S$151,MATCH(3*10+2,MOTOR_RELATORIO!$AE$2:$AE$151,0)),"") | J40: =IFERROR(INDEX(MOTOR_RELATORIO!$T$2:$T$151,MATCH(3*10+2,MOTOR_RELATORIO!$AE$2:$AE$151,0)),"") | K40: =IFERROR(INDEX(MOTOR_RELATORIO!$U$2:$U$151,MATCH(3*10+2,MOTOR_RELATORIO!$AE$2:$AE$151,0)),"")
C41: =IFERROR(INDEX(MOTOR_RELATORIO!$O$2:$O$151,MATCH(3*10+3,MOTOR_RELATORIO!$AE$2:$AE$151,0)),"") | H41: =IFERROR(INDEX(MOTOR_RELATORIO!$R$2:$R$151,MATCH(3*10+3,MOTOR_RELATORIO!$AE$2:$AE$151,0)),"") | I41: =IFERROR(INDEX(MOTOR_RELATORIO!$S$2:$S$151,MATCH(3*10+3,MOTOR_RELATORIO!$AE$2:$AE$151,0)),"") | J41: =IFERROR(INDEX(MOTOR_RELATORIO!$T$2:$T$151,MATCH(3*10+3,MOTOR_RELATORIO!$AE$2:$AE$151,0)),"") | K41: =IFERROR(INDEX(MOTOR_RELATORIO!$U$2:$U$151,MATCH(3*10+3,MOTOR_RELATORIO!$AE$2:$AE$151,0)),"")
C42: =IFERROR(INDEX(MOTOR_RELATORIO!$O$2:$O$151,MATCH(3*10+4,MOTOR_RELATORIO!$AE$2:$AE$151,0)),"") | H42: =IFERROR(INDEX(MOTOR_RELATORIO!$R$2:$R$151,MATCH(3*10+4,MOTOR_RELATORIO!$AE$2:$AE$151,0)),"") | I42: =IFERROR(INDEX(MOTOR_RELATORIO!$S$2:$S$151,MATCH(3*10+4,MOTOR_RELATORIO!$AE$2:$AE$151,0)),"") | J42: =IFERROR(INDEX(MOTOR_RELATORIO!$T$2:$T$151,MATCH(3*10+4,MOTOR_RELATORIO!$AE$2:$AE$151,0)),"") | K42: =IFERROR(INDEX(MOTOR_RELATORIO!$U$2:$U$151,MATCH(3*10+4,MOTOR_RELATORIO!$AE$2:$AE$151,0)),"")
C43: =IFERROR(INDEX(MOTOR_RELATORIO!$O$2:$O$151,MATCH(3*10+5,MOTOR_RELATORIO!$AE$2:$AE$151,0)),"") | H43: =IFERROR(INDEX(MOTOR_RELATORIO!$R$2:$R$151,MATCH(3*10+5,MOTOR_RELATORIO!$AE$2:$AE$151,0)),"") | I43: =IFERROR(INDEX(MOTOR_RELATORIO!$S$2:$S$151,MATCH(3*10+5,MOTOR_RELATORIO!$AE$2:$AE$151,0)),"") | J43: =IFERROR(INDEX(MOTOR_RELATORIO!$T$2:$T$151,MATCH(3*10+5,MOTOR_RELATORIO!$AE$2:$AE$151,0)),"") | K43: =IFERROR(INDEX(MOTOR_RELATORIO!$U$2:$U$151,MATCH(3*10+5,MOTOR_RELATORIO!$AE$2:$AE$151,0)),"")
C44: =IFERROR(INDEX(MOTOR_RELATORIO!$O$2:$O$151,MATCH(3*10+6,MOTOR_RELATORIO!$AE$2:$AE$151,0)),"") | H44: =IFERROR(INDEX(MOTOR_RELATORIO!$R$2:$R$151,MATCH(3*10+6,MOTOR_RELATORIO!$AE$2:$AE$151,0)),"") | I44: =IFERROR(INDEX(MOTOR_RELATORIO!$S$2:$S$151,MATCH(3*10+6,MOTOR_RELATORIO!$AE$2:$AE$151,0)),"") | J44: =IFERROR(INDEX(MOTOR_RELATORIO!$T$2:$T$151,MATCH(3*10+6,MOTOR_RELATORIO!$AE$2:$AE$151,0)),"") | K44: =IFERROR(INDEX(MOTOR_RELATORIO!$U$2:$U$151,MATCH(3*10+6,MOTOR_RELATORIO!$AE$2:$AE$151,0)),"")
G45: RESULTADO: | I45: =IFERROR(INDEX(MOTOR_RELATORIO!$AF$2:$AF$151,MATCH(3*10+1,MOTOR_RELATORIO!$AE$2:$AE$151,0)),"")
G46: VALOR: | I46: =IFERROR(INDEX(MOTOR_RELATORIO!$AG$2:$AG$151,MATCH(3*10+1,MOTOR_RELATORIO!$AE$2:$AE$151,0)),"")
A47: =IFERROR(INDEX(MOTOR_RELATORIO!$Y$2:$Y$151,MATCH(4*10+1,MOTOR_RELATORIO!$AE$2:$AE$151,0)),"") | B47: =IFERROR(INDEX(MOTOR_RELATORIO!$Z$2:$Z$151,MATCH(4*10+1,MOTOR_RELATORIO!$AE$2:$AE$151,0)),"")
A48: =IFERROR(INDEX(MOTOR_RELATORIO!$AA$2:$AA$151,MATCH(4*10+1,MOTOR_RELATORIO!$AE$2:$AE$151,0)),"") | B48: =IFERROR(INDEX(MOTOR_RELATORIO!$AB$2:$AB$151,MATCH(4*10+1,MOTOR_RELATORIO!$AE$2:$AE$151,0)),"")
A49: ITEM | B49: LINHA | C49: DESCRICAO | E49: ATIVIDADE | G49: UND. | H49: X | I49: Y | J49: Z | K49: RESULTADO
A50: =IFERROR(INDEX(MOTOR_RELATORIO!$L$2:$L$151,MATCH(4*10+1,MOTOR_RELATORIO!$AE$2:$AE$151,0)),"") | B50: =IFERROR(INDEX(MOTOR_RELATORIO!$M$2:$M$151,MATCH(4*10+1,MOTOR_RELATORIO!$AE$2:$AE$151,0)),"") | E50: =IFERROR(INDEX(MOTOR_RELATORIO!$N$2:$N$151,MATCH(4*10+1,MOTOR_RELATORIO!$AE$2:$AE$151,0)),"") | G50: =IFERROR(INDEX(MOTOR_RELATORIO!$P$2:$P$151,MATCH(4*10+1,MOTOR_RELATORIO!$AE$2:$AE$151,0)),"")
C51: =IFERROR(INDEX(MOTOR_RELATORIO!$O$2:$O$151,MATCH(4*10+1,MOTOR_RELATORIO!$AE$2:$AE$151,0)),"") | H51: =IFERROR(INDEX(MOTOR_RELATORIO!$R$2:$R$151,MATCH(4*10+1,MOTOR_RELATORIO!$AE$2:$AE$151,0)),"") | I51: =IFERROR(INDEX(MOTOR_RELATORIO!$S$2:$S$151,MATCH(4*10+1,MOTOR_RELATORIO!$AE$2:$AE$151,0)),"") | J51: =IFERROR(INDEX(MOTOR_RELATORIO!$T$2:$T$151,MATCH(4*10+1,MOTOR_RELATORIO!$AE$2:$AE$151,0)),"") | K51: =IFERROR(INDEX(MOTOR_RELATORIO!$U$2:$U$151,MATCH(4*10+1,MOTOR_RELATORIO!$AE$2:$AE$151,0)),"")
C52: =IFERROR(INDEX(MOTOR_RELATORIO!$O$2:$O$151,MATCH(4*10+2,MOTOR_RELATORIO!$AE$2:$AE$151,0)),"") | H52: =IFERROR(INDEX(MOTOR_RELATORIO!$R$2:$R$151,MATCH(4*10+2,MOTOR_RELATORIO!$AE$2:$AE$151,0)),"") | I52: =IFERROR(INDEX(MOTOR_RELATORIO!$S$2:$S$151,MATCH(4*10+2,MOTOR_RELATORIO!$AE$2:$AE$151,0)),"") | J52: =IFERROR(INDEX(MOTOR_RELATORIO!$T$2:$T$151,MATCH(4*10+2,MOTOR_RELATORIO!$AE$2:$AE$151,0)),"") | K52: =IFERROR(INDEX(MOTOR_RELATORIO!$U$2:$U$151,MATCH(4*10+2,MOTOR_RELATORIO!$AE$2:$AE$151,0)),"")
C53: =IFERROR(INDEX(MOTOR_RELATORIO!$O$2:$O$151,MATCH(4*10+3,MOTOR_RELATORIO!$AE$2:$AE$151,0)),"") | H53: =IFERROR(INDEX(MOTOR_RELATORIO!$R$2:$R$151,MATCH(4*10+3,MOTOR_RELATORIO!$AE$2:$AE$151,0)),"") | I53: =IFERROR(INDEX(MOTOR_RELATORIO!$S$2:$S$151,MATCH(4*10+3,MOTOR_RELATORIO!$AE$2:$AE$151,0)),"") | J53: =IFERROR(INDEX(MOTOR_RELATORIO!$T$2:$T$151,MATCH(4*10+3,MOTOR_RELATORIO!$AE$2:$AE$151,0)),"") | K53: =IFERROR(INDEX(MOTOR_RELATORIO!$U$2:$U$151,MATCH(4*10+3,MOTOR_RELATORIO!$AE$2:$AE$151,0)),"")
C54: =IFERROR(INDEX(MOTOR_RELATORIO!$O$2:$O$151,MATCH(4*10+4,MOTOR_RELATORIO!$AE$2:$AE$151,0)),"") | H54: =IFERROR(INDEX(MOTOR_RELATORIO!$R$2:$R$151,MATCH(4*10+4,MOTOR_RELATORIO!$AE$2:$AE$151,0)),"") | I54: =IFERROR(INDEX(MOTOR_RELATORIO!$S$2:$S$151,MATCH(4*10+4,MOTOR_RELATORIO!$AE$2:$AE$151,0)),"") | J54: =IFERROR(INDEX(MOTOR_RELATORIO!$T$2:$T$151,MATCH(4*10+4,MOTOR_RELATORIO!$AE$2:$AE$151,0)),"") | K54: =IFERROR(INDEX(MOTOR_RELATORIO!$U$2:$U$151,MATCH(4*10+4,MOTOR_RELATORIO!$AE$2:$AE$151,0)),"")
C55: =IFERROR(INDEX(MOTOR_RELATORIO!$O$2:$O$151,MATCH(4*10+5,MOTOR_RELATORIO!$AE$2:$AE$151,0)),"") | H55: =IFERROR(INDEX(MOTOR_RELATORIO!$R$2:$R$151,MATCH(4*10+5,MOTOR_RELATORIO!$AE$2:$AE$151,0)),"") | I55: =IFERROR(INDEX(MOTOR_RELATORIO!$S$2:$S$151,MATCH(4*10+5,MOTOR_RELATORIO!$AE$2:$AE$151,0)),"") | J55: =IFERROR(INDEX(MOTOR_RELATORIO!$T$2:$T$151,MATCH(4*10+5,MOTOR_RELATORIO!$AE$2:$AE$151,0)),"") | K55: =IFERROR(INDEX(MOTOR_RELATORIO!$U$2:$U$151,MATCH(4*10+5,MOTOR_RELATORIO!$AE$2:$AE$151,0)),"")
C56: =IFERROR(INDEX(MOTOR_RELATORIO!$O$2:$O$151,MATCH(4*10+6,MOTOR_RELATORIO!$AE$2:$AE$151,0)),"") | H56: =IFERROR(INDEX(MOTOR_RELATORIO!$R$2:$R$151,MATCH(4*10+6,MOTOR_RELATORIO!$AE$2:$AE$151,0)),"") | I56: =IFERROR(INDEX(MOTOR_RELATORIO!$S$2:$S$151,MATCH(4*10+6,MOTOR_RELATORIO!$AE$2:$AE$151,0)),"") | J56: =IFERROR(INDEX(MOTOR_RELATORIO!$T$2:$T$151,MATCH(4*10+6,MOTOR_RELATORIO!$AE$2:$AE$151,0)),"") | K56: =IFERROR(INDEX(MOTOR_RELATORIO!$U$2:$U$151,MATCH(4*10+6,MOTOR_RELATORIO!$AE$2:$AE$151,0)),"")
G57: RESULTADO: | I57: =IFERROR(INDEX(MOTOR_RELATORIO!$AF$2:$AF$151,MATCH(4*10+1,MOTOR_RELATORIO!$AE$2:$AE$151,0)),"")
G58: VALOR: | I58: =IFERROR(INDEX(MOTOR_RELATORIO!$AG$2:$AG$151,MATCH(4*10+1,MOTOR_RELATORIO!$AE$2:$AE$151,0)),"")
A59: =IFERROR(INDEX(MOTOR_RELATORIO!$Y$2:$Y$151,MATCH(5*10+1,MOTOR_RELATORIO!$AE$2:$AE$151,0)),"") | B59: =IFERROR(INDEX(MOTOR_RELATORIO!$Z$2:$Z$151,MATCH(5*10+1,MOTOR_RELATORIO!$AE$2:$AE$151,0)),"")
A60: =IFERROR(INDEX(MOTOR_RELATORIO!$AA$2:$AA$151,MATCH(5*10+1,MOTOR_RELATORIO!$AE$2:$AE$151,0)),"") | B60: =IFERROR(INDEX(MOTOR_RELATORIO!$AB$2:$AB$151,MATCH(5*10+1,MOTOR_RELATORIO!$AE$2:$AE$151,0)),"")
A61: ITEM | B61: LINHA | C61: DESCRICAO | E61: ATIVIDADE | G61: UND. | H61: X | I61: Y | J61: Z | K61: RESULTADO
A62: =IFERROR(INDEX(MOTOR_RELATORIO!$L$2:$L$151,MATCH(5*10+1,MOTOR_RELATORIO!$AE$2:$AE$151,0)),"") | B62: =IFERROR(INDEX(MOTOR_RELATORIO!$M$2:$M$151,MATCH(5*10+1,MOTOR_RELATORIO!$AE$2:$AE$151,0)),"") | E62: =IFERROR(INDEX(MOTOR_RELATORIO!$N$2:$N$151,MATCH(5*10+1,MOTOR_RELATORIO!$AE$2:$AE$151,0)),"") | G62: =IFERROR(INDEX(MOTOR_RELATORIO!$P$2:$P$151,MATCH(5*10+1,MOTOR_RELATORIO!$AE$2:$AE$151,0)),"")
C63: =IFERROR(INDEX(MOTOR_RELATORIO!$O$2:$O$151,MATCH(5*10+1,MOTOR_RELATORIO!$AE$2:$AE$151,0)),"") | H63: =IFERROR(INDEX(MOTOR_RELATORIO!$R$2:$R$151,MATCH(5*10+1,MOTOR_RELATORIO!$AE$2:$AE$151,0)),"") | I63: =IFERROR(INDEX(MOTOR_RELATORIO!$S$2:$S$151,MATCH(5*10+1,MOTOR_RELATORIO!$AE$2:$AE$151,0)),"") | J63: =IFERROR(INDEX(MOTOR_RELATORIO!$T$2:$T$151,MATCH(5*10+1,MOTOR_RELATORIO!$AE$2:$AE$151,0)),"") | K63: =IFERROR(INDEX(MOTOR_RELATORIO!$U$2:$U$151,MATCH(5*10+1,MOTOR_RELATORIO!$AE$2:$AE$151,0)),"")
C64: =IFERROR(INDEX(MOTOR_RELATORIO!$O$2:$O$151,MATCH(5*10+2,MOTOR_RELATORIO!$AE$2:$AE$151,0)),"") | H64: =IFERROR(INDEX(MOTOR_RELATORIO!$R$2:$R$151,MATCH(5*10+2,MOTOR_RELATORIO!$AE$2:$AE$151,0)),"") | I64: =IFERROR(INDEX(MOTOR_RELATORIO!$S$2:$S$151,MATCH(5*10+2,MOTOR_RELATORIO!$AE$2:$AE$151,0)),"") | J64: =IFERROR(INDEX(MOTOR_RELATORIO!$T$2:$T$151,MATCH(5*10+2,MOTOR_RELATORIO!$AE$2:$AE$151,0)),"") | K64: =IFERROR(INDEX(MOTOR_RELATORIO!$U$2:$U$151,MATCH(5*10+2,MOTOR_RELATORIO!$AE$2:$AE$151,0)),"")
C65: =IFERROR(INDEX(MOTOR_RELATORIO!$O$2:$O$151,MATCH(5*10+3,MOTOR_RELATORIO!$AE$2:$AE$151,0)),"") | H65: =IFERROR(INDEX(MOTOR_RELATORIO!$R$2:$R$151,MATCH(5*10+3,MOTOR_RELATORIO!$AE$2:$AE$151,0)),"") | I65: =IFERROR(INDEX(MOTOR_RELATORIO!$S$2:$S$151,MATCH(5*10+3,MOTOR_RELATORIO!$AE$2:$AE$151,0)),"") | J65: =IFERROR(INDEX(MOTOR_RELATORIO!$T$2:$T$151,MATCH(5*10+3,MOTOR_RELATORIO!$AE$2:$AE$151,0)),"") | K65: =IFERROR(INDEX(MOTOR_RELATORIO!$U$2:$U$151,MATCH(5*10+3,MOTOR_RELATORIO!$AE$2:$AE$151,0)),"")
C66: =IFERROR(INDEX(MOTOR_RELATORIO!$O$2:$O$151,MATCH(5*10+4,MOTOR_RELATORIO!$AE$2:$AE$151,0)),"") | H66: =IFERROR(INDEX(MOTOR_RELATORIO!$R$2:$R$151,MATCH(5*10+4,MOTOR_RELATORIO!$AE$2:$AE$151,0)),"") | I66: =IFERROR(INDEX(MOTOR_RELATORIO!$S$2:$S$151,MATCH(5*10+4,MOTOR_RELATORIO!$AE$2:$AE$151,0)),"") | J66: =IFERROR(INDEX(MOTOR_RELATORIO!$T$2:$T$151,MATCH(5*10+4,MOTOR_RELATORIO!$AE$2:$AE$151,0)),"") | K66: =IFERROR(INDEX(MOTOR_RELATORIO!$U$2:$U$151,MATCH(5*10+4,MOTOR_RELATORIO!$AE$2:$AE$151,0)),"")
C67: =IFERROR(INDEX(MOTOR_RELATORIO!$O$2:$O$151,MATCH(5*10+5,MOTOR_RELATORIO!$AE$2:$AE$151,0)),"") | H67: =IFERROR(INDEX(MOTOR_RELATORIO!$R$2:$R$151,MATCH(5*10+5,MOTOR_RELATORIO!$AE$2:$AE$151,0)),"") | I67: =IFERROR(INDEX(MOTOR_RELATORIO!$S$2:$S$151,MATCH(5*10+5,MOTOR_RELATORIO!$AE$2:$AE$151,0)),"") | J67: =IFERROR(INDEX(MOTOR_RELATORIO!$T$2:$T$151,MATCH(5*10+5,MOTOR_RELATORIO!$AE$2:$AE$151,0)),"") | K67: =IFERROR(INDEX(MOTOR_RELATORIO!$U$2:$U$151,MATCH(5*10+5,MOTOR_RELATORIO!$AE$2:$AE$151,0)),"")
C68: =IFERROR(INDEX(MOTOR_RELATORIO!$O$2:$O$151,MATCH(5*10+6,MOTOR_RELATORIO!$AE$2:$AE$151,0)),"") | H68: =IFERROR(INDEX(MOTOR_RELATORIO!$R$2:$R$151,MATCH(5*10+6,MOTOR_RELATORIO!$AE$2:$AE$151,0)),"") | I68: =IFERROR(INDEX(MOTOR_RELATORIO!$S$2:$S$151,MATCH(5*10+6,MOTOR_RELATORIO!$AE$2:$AE$151,0)),"") | J68: =IFERROR(INDEX(MOTOR_RELATORIO!$T$2:$T$151,MATCH(5*10+6,MOTOR_RELATORIO!$AE$2:$AE$151,0)),"") | K68: =IFERROR(INDEX(MOTOR_RELATORIO!$U$2:$U$151,MATCH(5*10+6,MOTOR_RELATORIO!$AE$2:$AE$151,0)),"")
G69: RESULTADO: | I69: =IFERROR(INDEX(MOTOR_RELATORIO!$AF$2:$AF$151,MATCH(5*10+1,MOTOR_RELATORIO!$AE$2:$AE$151,0)),"")
G70: VALOR: | I70: =IFERROR(INDEX(MOTOR_RELATORIO!$AG$2:$AG$151,MATCH(5*10+1,MOTOR_RELATORIO!$AE$2:$AE$151,0)),"")
A71: =IFERROR(INDEX(MOTOR_RELATORIO!$Y$2:$Y$151,MATCH(6*10+1,MOTOR_RELATORIO!$AE$2:$AE$151,0)),"") | B71: =IFERROR(INDEX(MOTOR_RELATORIO!$Z$2:$Z$151,MATCH(6*10+1,MOTOR_RELATORIO!$AE$2:$AE$151,0)),"")
A72: =IFERROR(INDEX(MOTOR_RELATORIO!$AA$2:$AA$151,MATCH(6*10+1,MOTOR_RELATORIO!$AE$2:$AE$151,0)),"") | B72: =IFERROR(INDEX(MOTOR_RELATORIO!$AB$2:$AB$151,MATCH(6*10+1,MOTOR_RELATORIO!$AE$2:$AE$151,0)),"")
A73: ITEM | B73: LINHA | C73: DESCRICAO | E73: ATIVIDADE | G73: UND. | H73: X | I73: Y | J73: Z | K73: RESULTADO
A74: =IFERROR(INDEX(MOTOR_RELATORIO!$L$2:$L$151,MATCH(6*10+1,MOTOR_RELATORIO!$AE$2:$AE$151,0)),"") | B74: =IFERROR(INDEX(MOTOR_RELATORIO!$M$2:$M$151,MATCH(6*10+1,MOTOR_RELATORIO!$AE$2:$AE$151,0)),"") | E74: =IFERROR(INDEX(MOTOR_RELATORIO!$N$2:$N$151,MATCH(6*10+1,MOTOR_RELATORIO!$AE$2:$AE$151,0)),"") | G74: =IFERROR(INDEX(MOTOR_RELATORIO!$P$2:$P$151,MATCH(6*10+1,MOTOR_RELATORIO!$AE$2:$AE$151,0)),"")
C75: =IFERROR(INDEX(MOTOR_RELATORIO!$O$2:$O$151,MATCH(6*10+1,MOTOR_RELATORIO!$AE$2:$AE$151,0)),"") | H75: =IFERROR(INDEX(MOTOR_RELATORIO!$R$2:$R$151,MATCH(6*10+1,MOTOR_RELATORIO!$AE$2:$AE$151,0)),"") | I75: =IFERROR(INDEX(MOTOR_RELATORIO!$S$2:$S$151,MATCH(6*10+1,MOTOR_RELATORIO!$AE$2:$AE$151,0)),"") | J75: =IFERROR(INDEX(MOTOR_RELATORIO!$T$2:$T$151,MATCH(6*10+1,MOTOR_RELATORIO!$AE$2:$AE$151,0)),"") | K75: =IFERROR(INDEX(MOTOR_RELATORIO!$U$2:$U$151,MATCH(6*10+1,MOTOR_RELATORIO!$AE$2:$AE$151,0)),"")
C76: =IFERROR(INDEX(MOTOR_RELATORIO!$O$2:$O$151,MATCH(6*10+2,MOTOR_RELATORIO!$AE$2:$AE$151,0)),"") | H76: =IFERROR(INDEX(MOTOR_RELATORIO!$R$2:$R$151,MATCH(6*10+2,MOTOR_RELATORIO!$AE$2:$AE$151,0)),"") | I76: =IFERROR(INDEX(MOTOR_RELATORIO!$S$2:$S$151,MATCH(6*10+2,MOTOR_RELATORIO!$AE$2:$AE$151,0)),"") | J76: =IFERROR(INDEX(MOTOR_RELATORIO!$T$2:$T$151,MATCH(6*10+2,MOTOR_RELATORIO!$AE$2:$AE$151,0)),"") | K76: =IFERROR(INDEX(MOTOR_RELATORIO!$U$2:$U$151,MATCH(6*10+2,MOTOR_RELATORIO!$AE$2:$AE$151,0)),"")
C77: =IFERROR(INDEX(MOTOR_RELATORIO!$O$2:$O$151,MATCH(6*10+3,MOTOR_RELATORIO!$AE$2:$AE$151,0)),"") | H77: =IFERROR(INDEX(MOTOR_RELATORIO!$R$2:$R$151,MATCH(6*10+3,MOTOR_RELATORIO!$AE$2:$AE$151,0)),"") | I77: =IFERROR(INDEX(MOTOR_RELATORIO!$S$2:$S$151,MATCH(6*10+3,MOTOR_RELATORIO!$AE$2:$AE$151,0)),"") | J77: =IFERROR(INDEX(MOTOR_RELATORIO!$T$2:$T$151,MATCH(6*10+3,MOTOR_RELATORIO!$AE$2:$AE$151,0)),"") | K77: =IFERROR(INDEX(MOTOR_RELATORIO!$U$2:$U$151,MATCH(6*10+3,MOTOR_RELATORIO!$AE$2:$AE$151,0)),"")
C78: =IFERROR(INDEX(MOTOR_RELATORIO!$O$2:$O$151,MATCH(6*10+4,MOTOR_RELATORIO!$AE$2:$AE$151,0)),"") | H78: =IFERROR(INDEX(MOTOR_RELATORIO!$R$2:$R$151,MATCH(6*10+4,MOTOR_RELATORIO!$AE$2:$AE$151,0)),"") | I78: =IFERROR(INDEX(MOTOR_RELATORIO!$S$2:$S$151,MATCH(6*10+4,MOTOR_RELATORIO!$AE$2:$AE$151,0)),"") | J78: =IFERROR(INDEX(MOTOR_RELATORIO!$T$2:$T$151,MATCH(6*10+4,MOTOR_RELATORIO!$AE$2:$AE$151,0)),"") | K78: =IFERROR(INDEX(MOTOR_RELATORIO!$U$2:$U$151,MATCH(6*10+4,MOTOR_RELATORIO!$AE$2:$AE$151,0)),"")
C79: =IFERROR(INDEX(MOTOR_RELATORIO!$O$2:$O$151,MATCH(6*10+5,MOTOR_RELATORIO!$AE$2:$AE$151,0)),"") | H79: =IFERROR(INDEX(MOTOR_RELATORIO!$R$2:$R$151,MATCH(6*10+5,MOTOR_RELATORIO!$AE$2:$AE$151,0)),"") | I79: =IFERROR(INDEX(MOTOR_RELATORIO!$S$2:$S$151,MATCH(6*10+5,MOTOR_RELATORIO!$AE$2:$AE$151,0)),"") | J79: =IFERROR(INDEX(MOTOR_RELATORIO!$T$2:$T$151,MATCH(6*10+5,MOTOR_RELATORIO!$AE$2:$AE$151,0)),"") | K79: =IFERROR(INDEX(MOTOR_RELATORIO!$U$2:$U$151,MATCH(6*10+5,MOTOR_RELATORIO!$AE$2:$AE$151,0)),"")
C80: =IFERROR(INDEX(MOTOR_RELATORIO!$O$2:$O$151,MATCH(6*10+6,MOTOR_RELATORIO!$AE$2:$AE$151,0)),"") | H80: =IFERROR(INDEX(MOTOR_RELATORIO!$R$2:$R$151,MATCH(6*10+6,MOTOR_RELATORIO!$AE$2:$AE$151,0)),"") | I80: =IFERROR(INDEX(MOTOR_RELATORIO!$S$2:$S$151,MATCH(6*10+6,MOTOR_RELATORIO!$AE$2:$AE$151,0)),"") | J80: =IFERROR(INDEX(MOTOR_RELATORIO!$T$2:$T$151,MATCH(6*10+6,MOTOR_RELATORIO!$AE$2:$AE$151,0)),"") | K80: =IFERROR(INDEX(MOTOR_RELATORIO!$U$2:$U$151,MATCH(6*10+6,MOTOR_RELATORIO!$AE$2:$AE$151,0)),"")
G81: RESULTADO: | I81: =IFERROR(INDEX(MOTOR_RELATORIO!$AF$2:$AF$151,MATCH(6*10+1,MOTOR_RELATORIO!$AE$2:$AE$151,0)),"")
G82: VALOR: | I82: =IFERROR(INDEX(MOTOR_RELATORIO!$AG$2:$AG$151,MATCH(6*10+1,MOTOR_RELATORIO!$AE$2:$AE$151,0)),"")
A83: =IFERROR(INDEX(MOTOR_RELATORIO!$Y$2:$Y$151,MATCH(7*10+1,MOTOR_RELATORIO!$AE$2:$AE$151,0)),"") | B83: =IFERROR(INDEX(MOTOR_RELATORIO!$Z$2:$Z$151,MATCH(7*10+1,MOTOR_RELATORIO!$AE$2:$AE$151,0)),"")
A84: =IFERROR(INDEX(MOTOR_RELATORIO!$AA$2:$AA$151,MATCH(7*10+1,MOTOR_RELATORIO!$AE$2:$AE$151,0)),"") | B84: =IFERROR(INDEX(MOTOR_RELATORIO!$AB$2:$AB$151,MATCH(7*10+1,MOTOR_RELATORIO!$AE$2:$AE$151,0)),"")
A85: ITEM | B85: LINHA | C85: DESCRICAO | E85: ATIVIDADE | G85: UND. | H85: X | I85: Y | J85: Z | K85: RESULTADO
A86: =IFERROR(INDEX(MOTOR_RELATORIO!$L$2:$L$151,MATCH(7*10+1,MOTOR_RELATORIO!$AE$2:$AE$151,0)),"") | B86: =IFERROR(INDEX(MOTOR_RELATORIO!$M$2:$M$151,MATCH(7*10+1,MOTOR_RELATORIO!$AE$2:$AE$151,0)),"") | E86: =IFERROR(INDEX(MOTOR_RELATORIO!$N$2:$N$151,MATCH(7*10+1,MOTOR_RELATORIO!$AE$2:$AE$151,0)),"") | G86: =IFERROR(INDEX(MOTOR_RELATORIO!$P$2:$P$151,MATCH(7*10+1,MOTOR_RELATORIO!$AE$2:$AE$151,0)),"")
C87: =IFERROR(INDEX(MOTOR_RELATORIO!$O$2:$O$151,MATCH(7*10+1,MOTOR_RELATORIO!$AE$2:$AE$151,0)),"") | H87: =IFERROR(INDEX(MOTOR_RELATORIO!$R$2:$R$151,MATCH(7*10+1,MOTOR_RELATORIO!$AE$2:$AE$151,0)),"") | I87: =IFERROR(INDEX(MOTOR_RELATORIO!$S$2:$S$151,MATCH(7*10+1,MOTOR_RELATORIO!$AE$2:$AE$151,0)),"") | J87: =IFERROR(INDEX(MOTOR_RELATORIO!$T$2:$T$151,MATCH(7*10+1,MOTOR_RELATORIO!$AE$2:$AE$151,0)),"") | K87: =IFERROR(INDEX(MOTOR_RELATORIO!$U$2:$U$151,MATCH(7*10+1,MOTOR_RELATORIO!$AE$2:$AE$151,0)),"")
C88: =IFERROR(INDEX(MOTOR_RELATORIO!$O$2:$O$151,MATCH(7*10+2,MOTOR_RELATORIO!$AE$2:$AE$151,0)),"") | H88: =IFERROR(INDEX(MOTOR_RELATORIO!$R$2:$R$151,MATCH(7*10+2,MOTOR_RELATORIO!$AE$2:$AE$151,0)),"") | I88: =IFERROR(INDEX(MOTOR_RELATORIO!$S$2:$S$151,MATCH(7*10+2,MOTOR_RELATORIO!$AE$2:$AE$151,0)),"") | J88: =IFERROR(INDEX(MOTOR_RELATORIO!$T$2:$T$151,MATCH(7*10+2,MOTOR_RELATORIO!$AE$2:$AE$151,0)),"") | K88: =IFERROR(INDEX(MOTOR_RELATORIO!$U$2:$U$151,MATCH(7*10+2,MOTOR_RELATORIO!$AE$2:$AE$151,0)),"")
C89: =IFERROR(INDEX(MOTOR_RELATORIO!$O$2:$O$151,MATCH(7*10+3,MOTOR_RELATORIO!$AE$2:$AE$151,0)),"") | H89: =IFERROR(INDEX(MOTOR_RELATORIO!$R$2:$R$151,MATCH(7*10+3,MOTOR_RELATORIO!$AE$2:$AE$151,0)),"") | I89: =IFERROR(INDEX(MOTOR_RELATORIO!$S$2:$S$151,MATCH(7*10+3,MOTOR_RELATORIO!$AE$2:$AE$151,0)),"") | J89: =IFERROR(INDEX(MOTOR_RELATORIO!$T$2:$T$151,MATCH(7*10+3,MOTOR_RELATORIO!$AE$2:$AE$151,0)),"") | K89: =IFERROR(INDEX(MOTOR_RELATORIO!$U$2:$U$151,MATCH(7*10+3,MOTOR_RELATORIO!$AE$2:$AE$151,0)),"")
C90: =IFERROR(INDEX(MOTOR_RELATORIO!$O$2:$O$151,MATCH(7*10+4,MOTOR_RELATORIO!$AE$2:$AE$151,0)),"") | H90: =IFERROR(INDEX(MOTOR_RELATORIO!$R$2:$R$151,MATCH(7*10+4,MOTOR_RELATORIO!$AE$2:$AE$151,0)),"") | I90: =IFERROR(INDEX(MOTOR_RELATORIO!$S$2:$S$151,MATCH(7*10+4,MOTOR_RELATORIO!$AE$2:$AE$151,0)),"") | J90: =IFERROR(INDEX(MOTOR_RELATORIO!$T$2:$T$151,MATCH(7*10+4,MOTOR_RELATORIO!$AE$2:$AE$151,0)),"") | K90: =IFERROR(INDEX(MOTOR_RELATORIO!$U$2:$U$151,MATCH(7*10+4,MOTOR_RELATORIO!$AE$2:$AE$151,0)),"")
C91: =IFERROR(INDEX(MOTOR_RELATORIO!$O$2:$O$151,MATCH(7*10+5,MOTOR_RELATORIO!$AE$2:$AE$151,0)),"") | H91: =IFERROR(INDEX(MOTOR_RELATORIO!$R$2:$R$151,MATCH(7*10+5,MOTOR_RELATORIO!$AE$2:$AE$151,0)),"") | I91: =IFERROR(INDEX(MOTOR_RELATORIO!$S$2:$S$151,MATCH(7*10+5,MOTOR_RELATORIO!$AE$2:$AE$151,0)),"") | J91: =IFERROR(INDEX(MOTOR_RELATORIO!$T$2:$T$151,MATCH(7*10+5,MOTOR_RELATORIO!$AE$2:$AE$151,0)),"") | K91: =IFERROR(INDEX(MOTOR_RELATORIO!$U$2:$U$151,MATCH(7*10+5,MOTOR_RELATORIO!$AE$2:$AE$151,0)),"")
C92: =IFERROR(INDEX(MOTOR_RELATORIO!$O$2:$O$151,MATCH(7*10+6,MOTOR_RELATORIO!$AE$2:$AE$151,0)),"") | H92: =IFERROR(INDEX(MOTOR_RELATORIO!$R$2:$R$151,MATCH(7*10+6,MOTOR_RELATORIO!$AE$2:$AE$151,0)),"") | I92: =IFERROR(INDEX(MOTOR_RELATORIO!$S$2:$S$151,MATCH(7*10+6,MOTOR_RELATORIO!$AE$2:$AE$151,0)),"") | J92: =IFERROR(INDEX(MOTOR_RELATORIO!$T$2:$T$151,MATCH(7*10+6,MOTOR_RELATORIO!$AE$2:$AE$151,0)),"") | K92: =IFERROR(INDEX(MOTOR_RELATORIO!$U$2:$U$151,MATCH(7*10+6,MOTOR_RELATORIO!$AE$2:$AE$151,0)),"")
G93: RESULTADO: | I93: =IFERROR(INDEX(MOTOR_RELATORIO!$AF$2:$AF$151,MATCH(7*10+1,MOTOR_RELATORIO!$AE$2:$AE$151,0)),"")
G94: VALOR: | I94: =IFERROR(INDEX(MOTOR_RELATORIO!$AG$2:$AG$151,MATCH(7*10+1,MOTOR_RELATORIO!$AE$2:$AE$151,0)),"")
A95: =IFERROR(INDEX(MOTOR_RELATORIO!$Y$2:$Y$151,MATCH(8*10+1,MOTOR_RELATORIO!$AE$2:$AE$151,0)),"") | B95: =IFERROR(INDEX(MOTOR_RELATORIO!$Z$2:$Z$151,MATCH(8*10+1,MOTOR_RELATORIO!$AE$2:$AE$151,0)),"")
A96: =IFERROR(INDEX(MOTOR_RELATORIO!$AA$2:$AA$151,MATCH(8*10+1,MOTOR_RELATORIO!$AE$2:$AE$151,0)),"") | B96: =IFERROR(INDEX(MOTOR_RELATORIO!$AB$2:$AB$151,MATCH(8*10+1,MOTOR_RELATORIO!$AE$2:$AE$151,0)),"")
A97: ITEM | B97: LINHA | C97: DESCRICAO | E97: ATIVIDADE | G97: UND. | H97: X | I97: Y | J97: Z | K97: RESULTADO
A98: =IFERROR(INDEX(MOTOR_RELATORIO!$L$2:$L$151,MATCH(8*10+1,MOTOR_RELATORIO!$AE$2:$AE$151,0)),"") | B98: =IFERROR(INDEX(MOTOR_RELATORIO!$M$2:$M$151,MATCH(8*10+1,MOTOR_RELATORIO!$AE$2:$AE$151,0)),"") | E98: =IFERROR(INDEX(MOTOR_RELATORIO!$N$2:$N$151,MATCH(8*10+1,MOTOR_RELATORIO!$AE$2:$AE$151,0)),"") | G98: =IFERROR(INDEX(MOTOR_RELATORIO!$P$2:$P$151,MATCH(8*10+1,MOTOR_RELATORIO!$AE$2:$AE$151,0)),"")
C99: =IFERROR(INDEX(MOTOR_RELATORIO!$O$2:$O$151,MATCH(8*10+1,MOTOR_RELATORIO!$AE$2:$AE$151,0)),"") | H99: =IFERROR(INDEX(MOTOR_RELATORIO!$R$2:$R$151,MATCH(8*10+1,MOTOR_RELATORIO!$AE$2:$AE$151,0)),"") | I99: =IFERROR(INDEX(MOTOR_RELATORIO!$S$2:$S$151,MATCH(8*10+1,MOTOR_RELATORIO!$AE$2:$AE$151,0)),"") | J99: =IFERROR(INDEX(MOTOR_RELATORIO!$T$2:$T$151,MATCH(8*10+1,MOTOR_RELATORIO!$AE$2:$AE$151,0)),"") | K99: =IFERROR(INDEX(MOTOR_RELATORIO!$U$2:$U$151,MATCH(8*10+1,MOTOR_RELATORIO!$AE$2:$AE$151,0)),"")
C100: =IFERROR(INDEX(MOTOR_RELATORIO!$O$2:$O$151,MATCH(8*10+2,MOTOR_RELATORIO!$AE$2:$AE$151,0)),"") | H100: =IFERROR(INDEX(MOTOR_RELATORIO!$R$2:$R$151,MATCH(8*10+2,MOTOR_RELATORIO!$AE$2:$AE$151,0)),"") | I100: =IFERROR(INDEX(MOTOR_RELATORIO!$S$2:$S$151,MATCH(8*10+2,MOTOR_RELATORIO!$AE$2:$AE$151,0)),"") | J100: =IFERROR(INDEX(MOTOR_RELATORIO!$T$2:$T$151,MATCH(8*10+2,MOTOR_RELATORIO!$AE$2:$AE$151,0)),"") | K100: =IFERROR(INDEX(MOTOR_RELATORIO!$U$2:$U$151,MATCH(8*10+2,MOTOR_RELATORIO!$AE$2:$AE$151,0)),"")
...

Sheet CONFIGURACOES
A1: CONFIGURACOES / LISTAS AUXILIARES
A2: Dados de apoio ao sistema: unidades, status, dados da empresa e catalogo de itens. O catalogo alimenta o preenchimento automatico no CADASTRO e no HISTORICO.
B4: DADOS PADRAO DA EMPRESA / CONTRATO
B5: EMPRESA: | C5: ENGECOM
B6: CONTRATO Nº: | C6: 4600185906
B7: TITULO DO RELATORIO: | C7: MEMORIA DE QUANTIDADES - MANUTENCAO CIVIL
B9: UNIDADES | D9: STATUS DA MEDICAO | G9: MEDICOES (1 a 24)
B10: UN | D10: Pendente | G10: 1
B11: L | D11: Aprovado | G11: 2
B12: M | D12: Reprovado / Nao conforme | G12: 3
B13: M2 | G13: 4
B14: M3 | G14: 5
B15: KG | G15: 6
B16: OUTROS | G16: 7
G17: 8
G18: 9
G19: 10
G20: 11
G21: 12
G22: 13
G23: 14
G24: 15
G25: 16
G26: 17
G27: 18
G28: 19
... G33: 24
B35: CATALOGO DE ITENS (CADASTRO BASE) - alimenta o preenchimento automatico
B36: ITEM | C36: NIVEL 1 (COD) | D36: NIVEL 1 (TEXTO) | E36: NIVEL 2 (COD) | F36: NIVEL 2 (TEXTO) | G36: LINHA | H36: ATIVIDADE | I36: UND. | J36: PRECO UNITARIO
B37: 19.12.4 | C37: 19 | D37: DEMOLICOES / CORTES: | E37: 19.12 | F37: Cortes em Concreto | G37: 2950 | H37: Rastreamento com aparelho de sondagem Radio detection, fornecido pela USIMINAS, por eletricista e ajudante | I37: H | J37: 181.18
B38: 19.1.2 | C38: 19 | D38: DEMOLICOES / CORTES: | E38: 19.1 | F38: Concreto simples: | G38: 2690 | H38: Mecanica com martelete | I38: M3 | J38: 960.63492
B39: 3.1.1 | C39: 3 | D39: FORMAS: | E39: 3.1 | F39: Confeccao e assentamento de formas de madeira, inclusive escoramento e desforma, com fornecimento de material pela Contratada: | G39: 300 | H39: Tabuas de pinho | I39: M2 | J39: 574.20935
B40: 4.1.4 | C40: 4 | D40: FERRAGEM: | E40: 4.1 | F40: Fornecimento, estira, corte, dobra e colocacao de armacoes de aco tipo 25/50/60 em estruturas de concreto armado nos seguintes diametros: | G40: 380 | H40: Tela soldada (Tela de aco ou Malha de aco soldada nervurada com espacamento a ser definido conforme projeto - Tipo "Gerdau" ou similar) | I40: Kg | J40: 60.29601
B41: 6.3 | C41: 6 | D41: GRAUTES: | G41: 5450 | H41: Preparo, transporte e lancamento de graute com resistencia final de ate 40 Mpa, Marca ENGEGROUT 500, ou equivalente fornecimento Contratada: | I41: m3 | J41: 21246.667
B42: 7.1 | C42: 7 | D42: ADESIVOS PARA CONCRETO: | G42: 670 | H42: Fornecimento e aplicacao de adesivos para concreto (Tipo Sikadur 31/32 Compound Adesivo e similares) | I42: Kg | J42: 851.95
B44: DADOS DE TESTE: catalogo e lancamentos de exemplo (aba HISTORICO) foram extraidos do PDF de referencia ENG003341 (NOTA 29655103) apenas para validar o sistema. Substitua/edite livremente.

Sheet MOTOR_RELATORIO
A1: k | B1: POS | C1: NOTA | D1: MED | E1: FISCAL | F1: CT | G1: OBRA | H1: SUPER | I1: ELAB | J1: TMED | K1: DATA | L1: ITEM | M1: LINHA | N1: ATIVIDADE | O1: DESCRICAO | P1: UND | Q1: QTD | R1: X | S1: Y | T1: Z | U1: RESULTADO | V1: PU | W1: VALOR | X1: CHAVE_GRUPO | Y1: N1C | Z1: N1T | AA1: N2C | AB1: N2T | AC1: BLOCO | AD1: FORMA_IDX | AE1: KEY | AF1: GRUPO_RESULTADO | AG1: GRUPO_VALOR
A2: 1 | B2: =IFERROR(MATCH($A2,HISTORICO!$Y$3:$Y$2002,0),"") | C2: =IF($B2="","",INDEX(HISTORICO!$A$3:$A$2002,$B2)) | D2: =IF($B2="","",INDEX(HISTORICO!$C$3:$C$2002,$B2)) | E2: =IF($B2="","",INDEX(HISTORICO!$F$3:$F$2002,$B2)) | F2: =IF($B2="","",INDEX(HISTORICO!$G$3:$G$2002,$B2)) | G2: =IF($B2="","",INDEX(HISTORICO!$E$3:$E$2002,$B2)) | H2: =IF($B2="","",INDEX(HISTORICO!$H$3:$H$2002,$B2)) | I2: =IF($B2="","",INDEX(HISTORICO!$D$3:$D$2002,$B2)) | J2: =IF($B2="","",INDEX(HISTORICO!$B$3:$B$2002,$B2)) | K2: =IF($B2="","",INDEX(HISTORICO!$U$3:$U$2002,$B2)) | L2: =IF($B2="","",INDEX(HISTORICO!$I$3:$I$2002,$B2)) | M2: =IF($B2="","",INDEX(HISTORICO!$J$3:$J$2002,$B2)) | N2: =IF($B2="","",INDEX(HISTORICO!$K$3:$K$2002,$B2)) | O2: =IF($B2="","",INDEX(HISTORICO!$L$3:$L$2002,$B2)) | P2: =IF($B2="","",INDEX(HISTORICO!$M$3:$M$2002,$B2)) | Q2: =IF($B2="","",INDEX(HISTORICO!$N$3:$N$2002,$B2)) | R2: =IF($B2="","",INDEX(HISTORICO!$Q$3:$Q$2002,$B2)) | S2: =IF($B2="","",INDEX(HISTORICO!$P$3:$P$2002,$B2)) | T2: =IF($B2="","",INDEX(HISTORICO!$O$3:$O$2002,$B2)) | U2: =IF($B2="","",INDEX(HISTORICO!$R$3:$R$2002,$B2)) | V2: =IF($B2="","",INDEX(HISTORICO!$S$3:$S$2002,$B2)) | W2: =IF($B2="","",INDEX(HISTORICO!$T$3:$T$2002,$B2)) | X2: =IF($B2="","",INDEX(HISTORICO!$X$3:$X$2002,$B2)) | Y2: =IF($L2="","",IFERROR(INDEX(CONFIGURACOES!$C$37:$C$300,MATCH($L2,CONFIGURACOES!$B$37:$B$300,0)),"")) | Z2: =IF($L2="","",IFERROR(INDEX(CONFIGURACOES!$D$37:$D$300,MATCH($L2,CONFIGURACOES!$B$37:$B$300,0)),"")) | AA2: =IF($L2="","",IFERROR(INDEX(CONFIGURACOES!$E$37:$E$300,MATCH($L2,CONFIGURACOES!$B$37:$B$300,0)),"")) | AB2: =IF($L2="","",IFERROR(INDEX(CONFIGURACOES!$F$37:$F$300,MATCH($L2,CONFIGURACOES!$B$37:$B$300,0)),"")) | AC2: =IF($L2="","",1) | AD2: =IF($L2="","",1) | AE2: =IF($L2="","",$AC2*10+$AD2) | AF2: =IF($L2="","",SUMIF($X$2:$X$151,$X2,$U$2:$U$151)) | AG2: =IF($L2="","",SUMIF($X$2:$X$151,$X2,$W$2:$W$151))
A3: 2 | B3: =IFERROR(MATCH($A3,HISTORICO!$Y$3:$Y$2002,0),"") | C3: =IF($B3="","",INDEX(HISTORICO!$A$3:$A$2002,$B3)) | D3: =IF($B3="","",INDEX(HISTORICO!$C$3:$C$2002,$B3)) | E3: =IF($B3="","",INDEX(HISTORICO!$F$3:$F$2002,$B3)) | F3: =IF($B3="","",INDEX(HISTORICO!$G$3:$G$2002,$B3)) | G3: =IF($B3="","",INDEX(HISTORICO!$E$3:$E$2002,$B3)) | H3: =IF($B3="","",INDEX(HISTORICO!$H$3:$H$2002,$B3)) | I3: =IF($B3="","",INDEX(HISTORICO!$D$3:$D$2002,$B3)) | J3: =IF($B3="","",INDEX(HISTORICO!$B$3:$B$2002,$B3)) | K3: =IF($B3="","",INDEX(HISTORICO!$U$3:$U$2002,$B3)) | L3: =IF($B3="","",INDEX(HISTORICO!$I$3:$I$2002,$B3)) | M3: =IF($B3="","",INDEX(HISTORICO!$J$3:$J$2002,$B3)) | N3: =IF($B3="","",INDEX(HISTORICO!$K$3:$K$2002,$B3)) | O3: =IF($B3="","",INDEX(HISTORICO!$L$3:$L$2002,$B3)) | P3: =IF($B3="","",INDEX(HISTORICO!$M$3:$M$2002,$B3)) | Q3: =IF($B3="","",INDEX(HISTORICO!$N$3:$N$2002,$B3)) | R3: =IF($B3="","",INDEX(HISTORICO!$Q$3:$Q$2002,$B3)) | S3: =IF($B3="","",INDEX(HISTORICO!$P$3:$P$2002,$B3)) | T3: =IF($B3="","",INDEX(HISTORICO!$O$3:$O$2002,$B3)) | U3: =IF($B3="","",INDEX(HISTORICO!$R$3:$R$2002,$B3)) | V3: =IF($B3="","",INDEX(HISTORICO!$S$3:$S$2002,$B3)) | W3: =IF($B3="","",INDEX(HISTORICO!$T$3:$T$2002,$B3)) | X3: =IF($B3="","",INDEX(HISTORICO!$X$3:$X$2002,$B3)) | Y3: =IF($L3="","",IFERROR(INDEX(CONFIGURACOES!$C$37:$C$300,MATCH($L3,CONFIGURACOES!$B$37:$B$300,0)),"")) | Z3: =IF($L3="","",IFERROR(INDEX(CONFIGURACOES!$D$37:$D$300,MATCH($L3,CONFIGURACOES!$B$37:$B$300,0)),"")) | AA3: =IF($L3="","",IFERROR(INDEX(CONFIGURACOES!$E$37:$E$300,MATCH($L3,CONFIGURACOES!$B$37:$B$300,0)),"")) | AB3: =IF($L3="","",IFERROR(INDEX(CONFIGURACOES!$F$37:$F$300,MATCH($L3,CONFIGURACOES!$B$37:$B$300,0)),"")) | AC3: =IF($L3="","",IF($X3<>$X2,$AC2+1,$AC2)) | AD3: =IF($L3="","",IF($X3<>$X2,1,$AD2+1)) | AE3: =IF($L3="","",$AC3*10+$AD3) | AF3: =IF($L3="","",SUMIF($X$2:$X$151,$X3,$U$2:$U$151)) | AG3: =IF($L3="","",SUMIF($X$2:$X$151,$X3,$W$2:$W$151))
A4: 3 | B4: =IFERROR(MATCH($A4,HISTORICO!$Y$3:$Y$2002,0),"") | C4: =IF($B4="","",INDEX(HISTORICO!$A$3:$A$2002,$B4)) | D4: =IF($B4="","",INDEX(HISTORICO!$C$3:$C$2002,$B4)) | E4: =IF($B4="","",INDEX(HISTORICO!$F$3:$F$2002,$B4)) | F4: =IF($B4="","",INDEX(HISTORICO!$G$3:$G$2002,$B4)) | G4: =IF($B4="","",INDEX(HISTORICO!$E$3:$E$2002,$B4)) | H4: =IF($B4="","",INDEX(HISTORICO!$H$3:$H$2002,$B4)) | I4: =IF($B4="","",INDEX(HISTORICO!$D$3:$D$2002,$B4)) | J4: =IF($B4="","",INDEX(HISTORICO!$B$3:$B$2002,$B4)) | K4: =IF($B4="","",INDEX(HISTORICO!$U$3:$U$2002,$B4)) | L4: =IF($B4="","",INDEX(HISTORICO!$I$3:$I$2002,$B4)) | M4: =IF($B4="","",INDEX(HISTORICO!$J$3:$J$2002,$B4)) | N4: =IF($B4="","",INDEX(HISTORICO!$K$3:$K$2002,$B4)) | O4: =IF($B4="","",INDEX(HISTORICO!$L$3:$L$2002,$B4)) | P4: =IF($B4="","",INDEX(HISTORICO!$M$3:$M$2002,$B4)) | Q4: =IF($B4="","",INDEX(HISTORICO!$N$3:$N$2002,$B4)) | R4: =IF($B4="","",INDEX(HISTORICO!$Q$3:$Q$2002,$B4)) | S4: =IF($B4="","",INDEX(HISTORICO!$P$3:$P$2002,$B4)) | T4: =IF($B4="","",INDEX(HISTORICO!$O$3:$O$2002,$B4)) | U4: =IF($B4="","",INDEX(HISTORICO!$R$3:$R$2002,$B4)) | V4: =IF($B4="","",INDEX(HISTORICO!$S$3:$S$2002,$B4)) | W4: =IF($B4="","",INDEX(HISTORICO!$T$3:$T$2002,$B4)) | X4: =IF($B4="","",INDEX(HISTORICO!$X$3:$X$2002,$B4)) | Y4: =IF($L4="","",IFERROR(INDEX(CONFIGURACOES!$C$37:$C$300,MATCH($L4,CONFIGURACOES!$B$37:$B$300,0)),"")) | Z4: =IF($L4="","",IFERROR(INDEX(CONFIGURACOES!$D$37:$D$300,MATCH($L4,CONFIGURACOES!$B$37:$B$300,0)),"")) | AA4: =IF($L4="","",IFERROR(INDEX(CONFIGURACOES!$E$37:$E$300,MATCH($L4,CONFIGURACOES!$B$37:$B$300,0)),"")) | AB4: =IF($L4="","",IFERROR(INDEX(CONFIGURACOES!$F$37:$F$300,MATCH($L4,CONFIGURACOES!$B$37:$B$300,0)),"")) | AC4: =IF($L4="","",IF($X4<>$X3,$AC3+1,$AC3)) | AD4: =IF($L4="","",IF($X4<>$X3,1,$AD3+1)) | AE4: =IF($L4="","",$AC4*10+$AD4) | AF4: =IF($L4="","",SUMIF($X$2:$X$151,$X4,$U$2:$U$151)) | AG4: =IF($L4="","",SUMIF($X$2:$X$151,$X4,$W$2:$W$151))
A5: 4 | B5: =IFERROR(MATCH($A5,HISTORICO!$Y$3:$Y$2002,0),"") | C5: =IF($B5="","",INDEX(HISTORICO!$A$3:$A$2002,$B5)) | D5: =IF($B5="","",INDEX(HISTORICO!$C$3:$C$2002,$B5)) | E5: =IF($B5="","",INDEX(HISTORICO!$F$3:$F$2002,$B5)) | F5: =IF($B5="","",INDEX(HISTORICO!$G$3:$G$2002,$B5)) | G5: =IF($B5="","",INDEX(HISTORICO!$E$3:$E$2002,$B5)) | H5: =IF($B5="","",INDEX(HISTORICO!$H$3:$H$2002,$B5)) | I5: =IF($B5="","",INDEX(HISTORICO!$D$3:$D$2002,$B5)) | J5: =IF($B5="","",INDEX(HISTORICO!$B$3:$B$2002,$B5)) | K5: =IF($B5="","",INDEX(HISTORICO!$U$3:$U$2002,$B5)) | L5: =IF($B5="","",INDEX(HISTORICO!$I$3:$I$2002,$B5)) | M5: =IF($B5="","",INDEX(HISTORICO!$J$3:$J$2002,$B5)) | N5: =IF($B5="","",INDEX(HISTORICO!$K$3:$K$2002,$B5)) | O5: =IF($B5="","",INDEX(HISTORICO!$L$3:$L$2002,$B5)) | P5: =IF($B5="","",INDEX(HISTORICO!$M$3:$M$2002,$B5)) | Q5: =IF($B5="","",INDEX(HISTORICO!$N$3:$N$2002,$B5)) | R5: =IF($B5="","",INDEX(HISTORICO!$Q$3:$Q$2002,$B5)) | S5: =IF($B5="","",INDEX(HISTORICO!$P$3:$P$2002,$B5)) | T5: =IF($B5="","",INDEX(HISTORICO!$O$3:$O$2002,$B5)) | U5: =IF($B5="","",INDEX(HISTORICO!$R$3:$R$2002,$B5)) | V5: =IF($B5="","",INDEX(HISTORICO!$S$3:$S$2002,$B5)) | W5: =IF($B5="","",INDEX(HISTORICO!$T$3:$T$2002,$B5)) | X5: =IF($B5="","",INDEX(HISTORICO!$X$3:$X$2002,$B5)) | Y5: =IF($L5="","",IFERROR(INDEX(CONFIGURACOES!$C$37:$C$300,MATCH($L5,CONFIGURACOES!$B$37:$B$300,0)),"")) | Z5: =IF($L5="","",IFERROR(INDEX(CONFIGURACOES!$D$37:$D$300,MATCH($L5,CONFIGURACOES!$B$37:$B$300,0)),"")) | AA5: =IF($L5="","",IFERROR(INDEX(CONFIGURACOES!$E$37:$E$300,MATCH($L5,CONFIGURACOES!$B$37:$B$300,0)),"")) | AB5: =IF($L5="","",IFERROR(INDEX(CONFIGURACOES!$F$37:$F$300,MATCH($L5,CONFIGURACOES!$B$37:$B$300,0)),"")) | AC5: =IF($L5="","",IF($X5<>$X4,$AC4+1,$AC4)) | AD5: =IF($L5="","",IF($X5<>$X4,1,$AD4+1)) | AE5: =IF($L5="","",$AC5*10+$AD5) | AF5: =IF($L5="","",SUMIF($X$2:$X$151,$X5,$U$2:$U$151)) | AG5: =IF($L5="","",SUMIF($X$2:$X$151,$X5,$W$2:$W$151))
A6: 5 | B6: =IFERROR(MATCH($A6,HISTORICO!$Y$3:$Y$2002,0),"") | C6: =IF($B6="","",INDEX(HISTORICO!$A$3:$A$2002,$B6)) | D6: =IF($B6="","",INDEX(HISTORICO!$C$3:$C$2002,$B6)) | E6: =IF($B6="","",INDEX(HISTORICO!$F$3:$F$2002,$B6)) | F6: =IF($B6="","",INDEX(HISTORICO!$G$3:$G$2002,$B6)) | G6: =IF($B6="","",INDEX(HISTORICO!$E$3:$E$2002,$B6)) | H6: =IF($B6="","",INDEX(HISTORICO!$H$3:$H$2002,$B6)) | I6: =IF($B6="","",INDEX(HISTORICO!$D$3:$D$2002,$B6)) | J6: =IF($B6="","",INDEX(HISTORICO!$B$3:$B$2002,$B6)) | K6: =IF($B6="","",INDEX(HISTORICO!$U$3:$U$2002,$B6)) | L6: =IF($B6="","",INDEX(HISTORICO!$I$3:$I$2002,$B6)) | M6: =IF($B6="","",INDEX(HISTORICO!$J$3:$J$2002,$B6)) | N6: =IF($B6="","",INDEX(HISTORICO!$K$3:$K$2002,$B6)) | O6: =IF($B6="","",INDEX(HISTORICO!$L$3:$L$2002,$B6)) | P6: =IF($B6="","",INDEX(HISTORICO!$M$3:$M$2002,$B6)) | Q6: =IF($B6="","",INDEX(HISTORICO!$N$3:$N$2002,$B6)) | R6: =IF($B6="","",INDEX(HISTORICO!$Q$3:$Q$2002,$B6)) | S6: =IF($B6="","",INDEX(HISTORICO!$P$3:$P$2002,$B6)) | T6: =IF($B6="","",INDEX(HISTORICO!$O$3:$O$2002,$B6)) | U6: =IF($B6="","",INDEX(HISTORICO!$R$3:$R$2002,$B6)) | V6: =IF($B6="","",INDEX(HISTORICO!$S$3:$S$2002,$B6)) | W6: =IF($B6="","",INDEX(HISTORICO!$T$3:$T$2002,$B6)) | X6: =IF($B6="","",INDEX(HISTORICO!$X$3:$X$2002,$B6)) | Y6: =IF($L6="","",IFERROR(INDEX(CONFIGURACOES!$C$37:$C$300,MATCH($L6,CONFIGURACOES!$B$37:$B$300,0)),"")) | Z6: =IF($L6="","",IFERROR(INDEX(CONFIGURACOES!$D$37:$D$300,MATCH($L6,CONFIGURACOES!$B$37:$B$300,0)),"")) | AA6: =IF($L6="","",IFERROR(INDEX(CONFIGURACOES!$E$37:$E$300,MATCH($L6,CONFIGURACOES!$B$37:$B$300,0)),"")) | AB6: =IF($L6="","",IFERROR(INDEX(CONFIGURACOES!$F$37:$F$300,MATCH($L6,CONFIGURACOES!$B$37:$B$300,0)),"")) | AC6: =IF($L6="","",IF($X6<>$X5,$AC5+1,$AC5)) | AD6: =IF($L6="","",IF($X6<>$X5,1,$AD5+1)) | AE6: =IF($L6="","",$AC6*10+$AD6) | AF6: =IF($L6="","",SUMIF($X$2:$X$151,$X6,$U$2:$U$151)) | AG6: =IF($L6="","",SUMIF($X$2:$X$151,$X6,$W$2:$W$151))
A7: 6 | B7: =IFERROR(MATCH($A7,HISTORICO!$Y$3:$Y$2002,0),"") | C7: =IF($B7="","",INDEX(HISTORICO!$A$3:$A$2002,$B7)) | D7: =IF($B7="","",INDEX(HISTORICO!$C$3:$C$2002,$B7)) | E7: =IF($B7="","",INDEX(HISTORICO!$F$3:$F$2002,$B7)) | F7: =IF($B7="","",INDEX(HISTORICO!$G$3:$G$2002,$B7)) | G7: =IF($B7="","",INDEX(HISTORICO!$E$3:$E$2002,$B7)) | H7: =IF($B7="","",INDEX(HISTORICO!$H$3:$H$2002,$B7)) | I7: =IF($B7="","",INDEX(HISTORICO!$D$3:$D$2002,$B7)) | J7: =IF($B7="","",INDEX(HISTORICO!$B$3:$B$2002,$B7)) | K7: =IF($B7="","",INDEX(HISTORICO!$U$3:$U$2002,$B7)) | L7: =IF($B7="","",INDEX(HISTORICO!$I$3:$I$2002,$B7)) | M7: =IF($B7="","",INDEX(HISTORICO!$J$3:$J$2002,$B7)) | N7: =IF($B7="","",INDEX(HISTORICO!$K$3:$K$2002,$B7)) | O7: =IF($B7="","",INDEX(HISTORICO!$L$3:$L$2002,$B7)) | P7: =IF($B7="","",INDEX(HISTORICO!$M$3:$M$2002,$B7)) | Q7: =IF($B7="","",INDEX(HISTORICO!$N$3:$N$2002,$B7)) | R7: =IF($B7="","",INDEX(HISTORICO!$Q$3:$Q$2002,$B7)) | S7: =IF($B7="","",INDEX(HISTORICO!$P$3:$P$2002,$B7)) | T7: =IF($B7="","",INDEX(HISTORICO!$O$3:$O$2002,$B7)) | U7: =IF($B7="","",INDEX(HISTORICO!$R$3:$R$2002,$B7)) | V7: =IF($B7="","",INDEX(HISTORICO!$S$3:$S$2002,$B7)) | W7: =IF($B7="","",INDEX(HISTORICO!$T$3:$T$2002,$B7)) | X7: =IF($B7="","",INDEX(HISTORICO!$X$3:$X$2002,$B7)) | Y7: =IF($L7="","",IFERROR(INDEX(CONFIGURACOES!$C$37:$C$300,MATCH($L7,CONFIGURACOES!$B$37:$B$300,0)),"")) | Z7: =IF($L7="","",IFERROR(INDEX(CONFIGURACOES!$D$37:$D$300,MATCH($L7,CONFIGURACOES!$B$37:$B$300,0)),"")) | AA7: =IF($L7="","",IFERROR(INDEX(CONFIGURACOES!$E$37:$E$300,MATCH($L7,CONFIGURACOES!$B$37:$B$300,0)),"")) | AB7: =IF($L7="","",IFERROR(INDEX(CONFIGURACOES!$F$37:$F$300,MATCH($L7,CONFIGURACOES!$B$37:$B$300,0)),"")) | AC7: =IF($L7="","",IF($X7<>$X6,$AC6+1,$AC6)) | AD7: =IF($L7="","",IF($X7<>$X6,1,$AD6+1)) | AE7: =IF($L7="","",$AC7*10+$AD7) | AF7: =IF($L7="","",SUMIF($X$2:$X$151,$X7,$U$2:$U$151)) | AG7: =IF($L7="","",SUMIF($X$2:$X$151,$X7,$W$2:$W$151))
A8: 7 | B8: =IFERROR(MATCH($A8,HISTORICO!$Y$3:$Y$2002,0),"") | C8: =IF($B8="","",INDEX(HISTORICO!$A$3:$A$2002,$B8)) | D8: =IF($B8="","",INDEX(HISTORICO!$C$3:$C$2002,$B8)) | E8: =IF($B8="","",INDEX(HISTORICO!$F$3:$F$2002,$B8)) | F8: =IF($B8="","",INDEX(HISTORICO!$G$3:$G$2002,$B8)) | G8: =IF($B8="","",INDEX(HISTORICO!$E$3:$E$2002,$B8)) | H8: =IF($B8="","",INDEX(HISTORICO!$H$3:$H$2002,$B8)) | I8: =IF($B8="","",INDEX(HISTORICO!$D$3:$D$2002,$B8)) | J8: =IF($B8="","",INDEX(HISTORICO!$B$3:$B$2002,$B8)) | K8: =IF($B8="","",INDEX(HISTORICO!$U$3:$U$2002,$B8)) | L8: =IF($B8="","",INDEX(HISTORICO!$I$3:$I$2002,$B8)) | M8: =IF($B8="","",INDEX(HISTORICO!$J$3:$J$2002,$B8)) | N8: =IF($B8="","",INDEX(HISTORICO!$K$3:$K$2002,$B8)) | O8: =IF($B8="","",INDEX(HISTORICO!$L$3:$L$2002,$B8)) | P8: =IF($B8="","",INDEX(HISTORICO!$M$3:$M$2002,$B8)) | Q8: =IF($B8="","",INDEX(HISTORICO!$N$3:$N$2002,$B8)) | R8: =IF($B8="","",INDEX(HISTORICO!$Q$3:$Q$2002,$B8)) | S8: =IF($B8="","",INDEX(HISTORICO!$P$3:$P$2002,$B8)) | T8: =IF($B8="","",INDEX(HISTORICO!$O$3:$O$2002,$B8)) | U8: =IF($B8="","",INDEX(HISTORICO!$R$3:$R$2002,$B8)) | V8: =IF($B8="","",INDEX(HISTORICO!$S$3:$S$2002,$B8)) | W8: =IF($B8="","",INDEX(HISTORICO!$T$3:$T$2002,$B8)) | X8: =IF($B8="","",INDEX(HISTORICO!$X$3:$X$2002,$B8)) | Y8: =IF($L8="","",IFERROR(INDEX(CONFIGURACOES!$C$37:$C$300,MATCH($L8,CONFIGURACOES!$B$37:$B$300,0)),"")) | Z8: =IF($L8="","",IFERROR(INDEX(CONFIGURACOES!$D$37:$D$300,MATCH($L8,CONFIGURACOES!$B$37:$B$300,0)),"")) | AA8: =IF($L8="","",IFERROR(INDEX(CONFIGURACOES!$E$37:$E$300,MATCH($L8,CONFIGURACOES!$B$37:$B$300,0)),"")) | AB8: =IF($L8="","",IFERROR(INDEX(CONFIGURACOES!$F$37:$F$300,MATCH($L8,CONFIGURACOES!$B$37:$B$300,0)),"")) | AC8: =IF($L8="","",IF($X8<>$X7,$AC7+1,$AC7)) | AD8: =IF($L8="","",IF($X8<>$X7,1,$AD7+1)) | AE8: =IF($L8="","",$AC8*10+$AD8) | AF8: =IF($L8="","",SUMIF($X$2:$X$151,$X8,$U$2:$U$151)) | AG8: =IF($L8="","",SUMIF($X$2:$X$151,$X8,$W$2:$W$151))
A9: 8 | B9: =IFERROR(MATCH($A9,HISTORICO!$Y$3:$Y$2002,0),"") | C9: =IF($B9="","",INDEX(HISTORICO!$A$3:$A$2002,$B9)) | D9: =IF($B9="","",INDEX(HISTORICO!$C$3:$C$2002,$B9)) | E9: =IF($B9="","",INDEX(HISTORICO!$F$3:$F$2002,$B9)) | F9: =IF($B9="","",INDEX(HISTORICO!$G$3:$G$2002,$B9)) | G9: =IF($B9="","",INDEX(HISTORICO!$E$3:$E$2002,$B9)) | H9: =IF($B9="","",INDEX(HISTORICO!$H$3:$H$2002,$B9)) | I9: =IF($B9="","",INDEX(HISTORICO!$D$3:$D$2002,$B9)) | J9: =IF($B9="","",INDEX(HISTORICO!$B$3:$B$2002,$B9)) | K9: =IF($B9="","",INDEX(HISTORICO!$U$3:$U$2002,$B9)) | L9: =IF($B9="","",INDEX(HISTORICO!$I$3:$I$2002,$B9)) | M9: =IF($B9="","",INDEX(HISTORICO!$J$3:$J$2002,$B9)) | N9: =IF($B9="","",INDEX(HISTORICO!$K$3:$K$2002,$B9)) | O9: =IF($B9="","",INDEX(HISTORICO!$L$3:$L$2002,$B9)) | P9: =IF($B9="","",INDEX(HISTORICO!$M$3:$M$2002,$B9)) | Q9: =IF($B9="","",INDEX(HISTORICO!$N$3:$N$2002,$B9)) | R9: =IF($B9="","",INDEX(HISTORICO!$Q$3:$Q$2002,$B9)) | S9: =IF($B9="","",INDEX(HISTORICO!$P$3:$P$2002,$B9)) | T9: =IF($B9="","",INDEX(HISTORICO!$O$3:$O$2002,$B9)) | U9: =IF($B9="","",INDEX(HISTORICO!$R$3:$R$2002,$B9)) | V9: =IF($B9="","",INDEX(HISTORICO!$S$3:$S$2002,$B9)) | W9: =IF($B9="","",INDEX(HISTORICO!$T$3:$T$2002,$B9)) | X9: =IF($B9="","",INDEX(HISTORICO!$X$3:$X$2002,$B9)) | Y9: =IF($L9="","",IFERROR(INDEX(CONFIGURACOES!$C$37:$C$300,MATCH($L9,CONFIGURACOES!$B$37:$B$300,0)),"")) | Z9: =IF($L9="","",IFERROR(INDEX(CONFIGURACOES!$D$37:$D$300,MATCH($L9,CONFIGURACOES!$B$37:$B$300,0)),"")) | AA9: =IF($L9="","",IFERROR(INDEX(CONFIGURACOES!$E$37:$E$300,MATCH($L9,CONFIGURACOES!$B$37:$B$300,0)),"")) | AB9: =IF($L9="","",IFERROR(INDEX(CONFIGURACOES!$F$37:$F$300,MATCH($L9,CONFIGURACOES!$B$37:$B$300,0)),"")) | AC9: =IF($L9="","",IF($X9<>$X8,$AC8+1,$AC8)) | AD9: =IF($L9="","",IF($X9<>$X8,1,$AD8+1)) | AE9: =IF($L9="","",$AC9*10+$AD9) | AF9: =IF($L9="","",SUMIF($X$2:$X$151,$X9,$U$2:$U$151)) | AG9: =IF($L9="","",SUMIF($X$2:$X$151,$X9,$W$2:$W$151))
A10: 9 | B10: =IFERROR(MATCH($A10,HISTORICO!$Y$3:$Y$2002,0),"") | C10: =IF($B10="","",INDEX(HISTORICO!$A$3:$A$2002,$B10)) | D10: =IF($B10="","",INDEX(HISTORICO!$C$3:$C$2002,$B10)) | E10: =IF($B10="","",INDEX(HISTORICO!$F$3:$F$2002,$B10)) | F10: =IF($B10="","",INDEX(HISTORICO!$G$3:$G$2002,$B10)) | G10: =IF($B10="","",INDEX(HISTORICO!$E$3:$E$2002,$B10)) | H10: =IF($B10="","",INDEX(HISTORICO!$H$3:$H$2002,$B10)) | I10: =IF($B10="","",INDEX(HISTORICO!$D$3:$D$2002,$B10)) | J10: =IF($B10="","",INDEX(HISTORICO!$B$3:$B$2002,$B10)) | K10: =IF($B10="","",INDEX(HISTORICO!$U$3:$U$2002,$B10)) | L10: =IF($B10="","",INDEX(HISTORICO!$I$3:$I$2002,$B10)) | M10: =IF($B10="","",INDEX(HISTORICO!$J$3:$J$2002,$B10)) | N10: =IF($B10="","",INDEX(HISTORICO!$K$3:$K$2002,$B10)) | O10: =IF($B10="","",INDEX(HISTORICO!$L$3:$L$2002,$B10)) | P10: =IF($B10="","",INDEX(HISTORICO!$M$3:$M$2002,$B10)) | Q10: =IF($B10="","",INDEX(HISTORICO!$N$3:$N$2002,$B10)) | R10: =IF($B10="","",INDEX(HISTORICO!$Q$3:$Q$2002,$B10)) | S10: =IF($B10="","",INDEX(HISTORICO!$P$3:$P$2002,$B10)) | T10: =IF($B10="","",INDEX(HISTORICO!$O$3:$O$2002,$B10)) | U10: =IF($B10="","",INDEX(HISTORICO!$R$3:$R$2002,$B10)) | V10: =IF($B10="","",INDEX(HISTORICO!$S$3:$S$2002,$B10)) | W10: =IF($B10="","",INDEX(HISTORICO!$T$3:$T$2002,$B10)) | X10: =IF($B10="","",INDEX(HISTORICO!$X$3:$X$2002,$B10)) | Y10: =IF($L10="","",IFERROR(INDEX(CONFIGURACOES!$C$37:$C$300,MATCH($L10,CONFIGURACOES!$B$37:$B$300,0)),"")) | Z10: =IF($L10="","",IFERROR(INDEX(CONFIGURACOES!$D$37:$D$300,MATCH($L10,CONFIGURACOES!$B$37:$B$300,0)),"")) | AA10: =IF($L10="","",IFERROR(INDEX(CONFIGURACOES!$E$37:$E$300,MATCH($L10,CONFIGURACOES!$B$37:$B$300,0)),"")) | AB10: =IF($L10="","",IFERROR(INDEX(CONFIGURACOES!$F$37:$F$300,MATCH($L10,CONFIGURACOES!$B$37:$B$300,0)),"")) | AC10: =IF($L10="","",IF($X10<>$X9,$AC9+1,$AC9)) | AD10: =IF($L10="","",IF($X10<>$X9,1,$AD9+1)) | AE10: =IF($L10="","",$AC10*10+$AD10) | AF10: =IF($L10="","",SUMIF($X$2:$X$151,$X10,$U$2:$U$151)) | AG10: =IF($L10="","",SUMIF($X$2:$X$151,$X10,$W$2:$W$151))
A11: 10 | B11: =IFERROR(MATCH($A11,HISTORICO!$Y$3:$Y$2002,0),"") | C11: =IF($B11="","",INDEX(HISTORICO!$A$3:$A$2002,$B11)) | D11: =IF($B11="","",INDEX(HISTORICO!$C$3:$C$2002,$B11)) | E11: =IF($B11="","",INDEX(HISTORICO!$F$3:$F$2002,$B11)) | F11: =IF($B11="","",INDEX(HISTORICO!$G$3:$G$2002,$B11)) | G11: =IF($B11="","",INDEX(HISTORICO!$E$3:$E$2002,$B11)) | H11: =IF($B11="","",INDEX(HISTORICO!$H$3:$H$2002,$B11)) | I11: =IF($B11="","",INDEX(HISTORICO!$D$3:$D$2002,$B11)) | J11: =IF($B11="","",INDEX(HISTORICO!$B$3:$B$2002,$B11)) | K11: =IF($B11="","",INDEX(HISTORICO!$U$3:$U$2002,$B11)) | L11: =IF($B11="","",INDEX(HISTORICO!$I$3:$I$2002,$B11)) | M11: =IF($B11="","",INDEX(HISTORICO!$J$3:$J$2002,$B11)) | N11: =IF($B11="","",INDEX(HISTORICO!$K$3:$K$2002,$B11)) | O11: =IF($B11="","",INDEX(HISTORICO!$L$3:$L$2002,$B11)) | P11: =IF($B11="","",INDEX(HISTORICO!$M$3:$M$2002,$B11)) | Q11: =IF($B11="","",INDEX(HISTORICO!$N$3:$N$2002,$B11)) | R11: =IF($B11="","",INDEX(HISTORICO!$Q$3:$Q$2002,$B11)) | S11: =IF($B11="","",INDEX(HISTORICO!$P$3:$P$2002,$B11)) | T11: =IF($B11="","",INDEX(HISTORICO!$O$3:$O$2002,$B11)) | U11: =IF($B11="","",INDEX(HISTORICO!$R$3:$R$2002,$B11)) | V11: =IF($B11="","",INDEX(HISTORICO!$S$3:$S$2002,$B11)) | W11: =IF($B11="","",INDEX(HISTORICO!$T$3:$T$2002,$B11)) | X11: =IF($B11="","",INDEX(HISTORICO!$X$3:$X$2002,$B11)) | Y11: =IF($L11="","",IFERROR(INDEX(CONFIGURACOES!$C$37:$C$300,MATCH($L11,CONFIGURACOES!$B$37:$B$300,0)),"")) | Z11: =IF($L11="","",IFERROR(INDEX(CONFIGURACOES!$D$37:$D$300,MATCH($L11,CONFIGURACOES!$B$37:$B$300,0)),"")) | AA11: =IF($L11="","",IFERROR(INDEX(CONFIGURACOES!$E$37:$E$300,MATCH($L11,CONFIGURACOES!$B$37:$B$300,0)),"")) | AB11: =IF($L11="","",IFERROR(INDEX(CONFIGURACOES!$F$37:$F$300,MATCH($L11,CONFIGURACOES!$B$37:$B$300,0)),"")) | AC11: =IF($L11="","",IF($X11<>$X10,$AC10+1,$AC10)) | AD11: =IF($L11="","",IF($X11<>$X10,1,$AD10+1)) | AE11: =IF($L11="","",$AC11*10+$AD11) | AF11: =IF($L11="","",SUMIF($X$2:$X$151,$X11,$U$2:$U$151)) | AG11: =IF($L11="","",SUMIF($X$2:$X$151,$X11,$W$2:$W$151))
A12: 11 | B12: =IFERROR(MATCH($A12,HISTORICO!$Y$3:$Y$2002,0),"") | C12: =IF($B12="","",INDEX(HISTORICO!$A$3:$A$2002,$B12)) | D12: =IF($B12="","",INDEX(HISTORICO!$C$3:$C$2002,$B12)) | E12: =IF($B12="","",INDEX(HISTORICO!$F$3:$F$2002,$B12)) | F12: =IF($B12="","",INDEX(HISTORICO!$G$3:$G$2002,$B12)) | G12: =IF($B12="","",INDEX(HISTORICO!$E$3:$E$2002,$B12)) | H12: =IF($B12="","",INDEX(HISTORICO!$H$3:$H$2002,$B12)) | I12: =IF($B12="","",INDEX(HISTORICO!$D$3:$D$2002,$B12)) | J12: =IF($B12="","",INDEX(HISTORICO!$B$3:$B$2002,$B12)) | K12: =IF($B12="","",INDEX(HISTORICO!$U$3:$U$2002,$B12)) | L12: =IF($B12="","",INDEX(HISTORICO!$I$3:$I$2002,$B12)) | M12: =IF($B12="","",INDEX(HISTORICO!$J$3:$J$2002,$B12)) | N12: =IF($B12="","",INDEX(HISTORICO!$K$3:$K$2002,$B12)) | O12: =IF($B12="","",INDEX(HISTORICO!$L$3:$L$2002,$B12)) | P12: =IF($B12="","",INDEX(HISTORICO!$M$3:$M$2002,$B12)) | Q12: =IF($B12="","",INDEX(HISTORICO!$N$3:$N$2002,$B12)) | R12: =IF($B12="","",INDEX(HISTORICO!$Q$3:$Q$2002,$B12)) | S12: =IF($B12="","",INDEX(HISTORICO!$P$3:$P$2002,$B12)) | T12: =IF($B12="","",INDEX(HISTORICO!$O$3:$O$2002,$B12)) | U12: =IF($B12="","",INDEX(HISTORICO!$R$3:$R$2002,$B12)) | V12: =IF($B12="","",INDEX(HISTORICO!$S$3:$S$2002,$B12)) | W12: =IF($B12="","",INDEX(HISTORICO!$T$3:$T$2002,$B12)) | X12: =IF($B12="","",INDEX(HISTORICO!$X$3:$X$2002,$B12)) | Y12: =IF($L12="","",IFERROR(INDEX(CONFIGURACOES!$C$37:$C$300,MATCH($L12,CONFIGURACOES!$B$37:$B$300,0)),"")) | Z12: =IF($L12="","",IFERROR(INDEX(CONFIGURACOES!$D$37:$D$300,MATCH($L12,CONFIGURACOES!$B$37:$B$300,0)),"")) | AA12: =IF($L12="","",IFERROR(INDEX(CONFIGURACOES!$E$37:$E$300,MATCH($L12,CONFIGURACOES!$B$37:$B$300,0)),"")) | AB12: =IF($L12="","",IFERROR(INDEX(CONFIGURACOES!$F$37:$F$300,MATCH($L12,CONFIGURACOES!$B$37:$B$300,0)),"")) | AC12: =IF($L12="","",IF($X12<>$X11,$AC11+1,$AC11)) | AD12: =IF($L12="","",IF($X12<>$X11,1,$AD11+1)) | AE12: =IF($L12="","",$AC12*10+$AD12) | AF12: =IF($L12="","",SUMIF($X$2:$X$151,$X12,$U$2:$U$151)) | AG12: =IF($L12="","",SUMIF($X$2:$X$151,$X12,$W$2:$W$151))
A13: 12 | B13: =IFERROR(MATCH($A13,HISTORICO!$Y$3:$Y$2002,0),"") | C13: =IF($B13="","",INDEX(HISTORICO!$A$3:$A$2002,$B13)) | D13: =IF($B13="","",INDEX(HISTORICO!$C$3:$C$2002,$B13)) | E13: =IF($B13="","",INDEX(HISTORICO!$F$3:$F$2002,$B13)) | F13: =IF($B13="","",INDEX(HISTORICO!$G$3:$G$2002,$B13)) | G13: =IF($B13="","",INDEX(HISTORICO!$E$3:$E$2002,$B13)) | H13: =IF($B13="","",INDEX(HISTORICO!$H$3:$H$2002,$B13)) | I13: =IF($B13="","",INDEX(HISTORICO!$D$3:$D$2002,$B13)) | J13: =IF($B13="","",INDEX(HISTORICO!$B$3:$B$2002,$B13)) | K13: =IF($B13="","",INDEX(HISTORICO!$U$3:$U$2002,$B13)) | L13: =IF($B13="","",INDEX(HISTORICO!$I$3:$I$2002,$B13)) | M13: =IF($B13="","",INDEX(HISTORICO!$J$3:$J$2002,$B13)) | N13: =IF($B13="","",INDEX(HISTORICO!$K$3:$K$2002,$B13)) | O13: =IF($B13="","",INDEX(HISTORICO!$L$3:$L$2002,$B13)) | P13: =IF($B13="","",INDEX(HISTORICO!$M$3:$M$2002,$B13)) | Q13: =IF($B13="","",INDEX(HISTORICO!$N$3:$N$2002,$B13)) | R13: =IF($B13="","",INDEX(HISTORICO!$Q$3:$Q$2002,$B13)) | S13: =IF($B13="","",INDEX(HISTORICO!$P$3:$P$2002,$B13)) | T13: =IF($B13="","",INDEX(HISTORICO!$O$3:$O$2002,$B13)) | U13: =IF($B13="","",INDEX(HISTORICO!$R$3:$R$2002,$B13)) | V13: =IF($B13="","",INDEX(HISTORICO!$S$3:$S$2002,$B13)) | W13: =IF($B13="","",INDEX(HISTORICO!$T$3:$T$2002,$B13)) | X13: =IF($B13="","",INDEX(HISTORICO!$X$3:$X$2002,$B13)) | Y13: =IF($L13="","",IFERROR(INDEX(CONFIGURACOES!$C$37:$C$300,MATCH($L13,CONFIGURACOES!$B$37:$B$300,0)),"")) | Z13: =IF($L13="","",IFERROR(INDEX(CONFIGURACOES!$D$37:$D$300,MATCH($L13,CONFIGURACOES!$B$37:$B$300,0)),"")) | AA13: =IF($L13="","",IFERROR(INDEX(CONFIGURACOES!$E$37:$E$300,MATCH($L13,CONFIGURACOES!$B$37:$B$300,0)),"")) | AB13: =IF($L13="","",IFERROR(INDEX(CONFIGURACOES!$F$37:$F$300,MATCH($L13,CONFIGURACOES!$B$37:$B$300,0)),"")) | AC13: =IF($L13="","",IF($X13<>$X12,$AC12+1,$AC12)) | AD13: =IF($L13="","",IF($X13<>$X12,1,$AD12+1)) | AE13: =IF($L13="","",$AC13*10+$AD13) | AF13: =IF($L13="","",SUMIF($X$2:$X$151,$X13,$U$2:$U$151)) | AG13: =IF($L13="","",SUMIF($X$2:$X$151,$X13,$W$2:$W$151))
A14: 13 | B14: =IFERROR(MATCH($A14,HISTORICO!$Y$3:$Y$2002,0),"") | C14: =IF($B14="","",INDEX(HISTORICO!$A$3:$A$2002,$B14)) | D14: =IF($B14="","",INDEX(HISTORICO!$C$3:$C$2002,$B14)) | E14: =IF($B14="","",INDEX(HISTORICO!$F$3:$F$2002,$B14)) | F14: =IF($B14="","",INDEX(HISTORICO!$G$3:$G$2002,$B14)) | G14: =IF($B14="","",INDEX(HISTORICO!$E$3:$E$2002,$B14)) | H14: =IF($B14="","",INDEX(HISTORICO!$H$3:$H$2002,$B14)) | I14: =IF($B14="","",INDEX(HISTORICO!$D$3:$D$2002,$B14)) | J14: =IF($B14="","",INDEX(HISTORICO!$B$3:$B$2002,$B14)) | K14: =IF($B14="","",INDEX(HISTORICO!$U$3:$U$2002,$B14)) | L14: =IF($B14="","",INDEX(HISTORICO!$I$3:$I$2002,$B14)) | M14: =IF($B14="","",INDEX(HISTORICO!$J$3:$J$2002,$B14)) | N14: =IF($B14="","",INDEX(HISTORICO!$K$3:$K$2002,$B14)) | O14: =IF($B14="","",INDEX(HISTORICO!$L$3:$L$2002,$B14)) | P14: =IF($B14="","",INDEX(HISTORICO!$M$3:$M$2002,$B14)) | Q14: =IF($B14="","",INDEX(HISTORICO!$N$3:$N$2002,$B14)) | R14: =IF($B14="","",INDEX(HISTORICO!$Q$3:$Q$2002,$B14)) | S14: =IF($B14="","",INDEX(HISTORICO!$P$3:$P$2002,$B14)) | T14: =IF($B14="","",INDEX(HISTORICO!$O$3:$O$2002,$B14)) | U14: =IF($B14="","",INDEX(HISTORICO!$R$3:$R$2002,$B14)) | V14: =IF($B14="","",INDEX(HISTORICO!$S$3:$S$2002,$B14)) | W14: =IF($B14="","",INDEX(HISTORICO!$T$3:$T$2002,$B14)) | X14: =IF($B14="","",INDEX(HISTORICO!$X$3:$X$2002,$B14)) | Y14: =IF($L14="","",IFERROR(INDEX(CONFIGURACOES!$C$37:$C$300,MATCH($L14,CONFIGURACOES!$B$37:$B$300,0)),"")) | Z14: =IF($L14="","",IFERROR(INDEX(CONFIGURACOES!$D$37:$D$300,MATCH($L14,CONFIGURACOES!$B$37:$B$300,0)),"")) | AA14: =IF($L14="","",IFERROR(INDEX(CONFIGURACOES!$E$37:$E$300,MATCH($L14,CONFIGURACOES!$B$37:$B$300,0)),"")) | AB14: =IF($L14="","",IFERROR(INDEX(CONFIGURACOES!$F$37:$F$300,MATCH($L14,CONFIGURACOES!$B$37:$B$300,0)),"")) | AC14: =IF($L14="","",IF($X14<>$X13,$AC13+1,$AC13)) | AD14: =IF($L14="","",IF($X14<>$X13,1,$AD13+1)) | AE14: =IF($L14="","",$AC14*10+$AD14) | AF14: =IF($L14="","",SUMIF($X$2:$X$151,$X14,$U$2:$U$151)) | AG14: =IF($L14="","",SUMIF($X$2:$X$151,$X14,$W$2:$W$151))
... A151: 150 | B151: =IFERROR(MATCH($A151,HISTORICO!$Y$3:$Y$2002,0),"") | C151: =IF($B151="","",INDEX(HISTORICO!$A$3:$A$2002,$B151)) | D151: =IF($B151="","",INDEX(HISTORICO!$C$3:$C$2002,$B151)) | E151: =IF($B151="","",INDEX(HISTORICO!$F$3:$F$2002,$B151)) | F151: =IF($B151="","",INDEX(HISTORICO!$G$3:$G$2002,$B151)) | G151: =IF($B151="","",INDEX(HISTORICO!$E$3:$E$2002,$B151)) | H151: =IF($B151="","",INDEX(HISTORICO!$H$3:$H$2002,$B151)) | I151: =IF($B151="","",INDEX(HISTORICO!$D$3:$D$2002,$B151)) | J151: =IF($B151="","",INDEX(HISTORICO!$B$3:$B$2002,$B151)) | K151: =IF($B151="","",INDEX(HISTORICO!$U$3:$U$2002,$B151)) | L151: =IF($B151="","",INDEX(HISTORICO!$I$3:$I$2002,$B151)) | M151: =IF($B151="","",INDEX(HISTORICO!$J$3:$J$2002,$B151)) | N151: =IF($B151="","",INDEX(HISTORICO!$K$3:$K$2002,$B151)) | O151: =IF($B151="","",INDEX(HISTORICO!$L$3:$L$2002,$B151)) | P151: =IF($B151="","",INDEX(HISTORICO!$M$3:$M$2002,$B151)) | Q151: =IF($B151="","",INDEX(HISTORICO!$N$3:$N$2002,$B151)) | R151: =IF($B151="","",INDEX(HISTORICO!$Q$3:$Q$2002,$B151)) | S151: =IF($B151="","",INDEX(HISTORICO!$P$3:$P$2002,$B151)) | T151: =IF($B151="","",INDEX(HISTORICO!$O$3:$O$2002,$B151)) | U151: =IF($B151="","",INDEX(HISTORICO!$R$3:$R$2002,$B151)) | V151: =IF($B151="","",INDEX(HISTORICO!$S$3:$S$2002,$B151)) | W151: =IF($B151="","",INDEX(HISTORICO!$T$3:$T$2002,$B151)) | X151: =IF($B151="","",INDEX(HISTORICO!$X$3:$X$2002,$B151)) | Y151: =IF($L151="","",IFERROR(INDEX(CONFIGURACOES!$C$37:$C$300,MATCH($L151,CONFIGURACOES!$B$37:$B$300,0)),"")) | Z151: =IF($L151="","",IFERROR(INDEX(CONFIGURACOES!$D$37:$D$300,MATCH($L151,CONFIGURACOES!$B$37:$B$300,0)),"")) | AA151: =IF($L151="","",IFERROR(INDEX(CONFIGURACOES!$E$37:$E$300,MATCH($L151,CONFIGURACOES!$B$37:$B$300,0)),"")) | AB151: =IF($L151="","",IFERROR(INDEX(CONFIGURACOES!$F$37:$F$300,MATCH($L151,CONFIGURACOES!$B$37:$B$300,0)),"")) | AC151: =IF($L151="","",IF($X151<>$X150,$AC150+1,$AC150)) | AD151: =IF($L151="","",IF($X151<>$X150,1,$AD150+1)) | AE151: =IF($L151="","",$AC151*10+$AD151) | AF151: =IF($L151="","",SUMIF($X$2:$X$151,$X151,$U$2:$U$151)) | AG151: =IF($L151="","",SUMIF($X$2:$X$151,$X151,$W$2:$W$151))
